14.40,14.40,14.66,15.75,16.72,17.86,19.09,20.00,20.56,20.85,
14.11,14.05,14.22,14.11,14.31,14.19,14.28,14.96,15.95,16.98,
14.34,14.13,14.22,13.99,14.08,14.19,14.22,14.13,14.28,14.28,
15.37,15.16,15.22,14.96,14.43,14.31,14.22,14.11,14.11,14.08,
18.45,17.57,16.45,16.04,15.51,15.37,15.01,15.16,14.96,14.49,
20.94,20.67,20.12,19.41,18.71,18.15,17.27,16.45,15.75,15.48,
19.71,20.32,20.70,20.88,21.03,20.85,20.82,20.00,19.35,18.86,
14.46,15.54,16.48,17.57,18.48,19.44,20.35,20.65,20.85,20.94,
14.31,14.19,14.13,14.34,14.19,14.49,15.69,16.60,17.60,18.65,
13.99,14.11,14.02,13.96,14.13,14.08,14.13,14.22,14.16,14.11,
15.13,15.16,14.69,14.31,14.19,13.96,14.11,14.11,14.16,14.05,
16.86,16.22,15.75,15.25,15.19,15.19,15.01,14.63,14.31,14.05,
20.47,19.71,19.06,18.53,17.68,16.66,16.25,15.57,15.43,15.25,
20.50,20.85,20.91,20.91,20.82,20.18,19.65,18.94,18.45,17.68,
16.10,17.04,17.80,19.15,19.85,20.41,20.62,20.94,20.88,20.76,
14.08,14.19,14.22,14.19,14.90,15.95,16.98,17.92,19.21,19.85,
14.16,14.02,14.08,14.22,14.05,14.11,14.08,14.11,14.19,15.16,
14.87,14.52,14.05,14.08,13.84,13.96,13.99,13.96,14.05,14.08,
15.95,15.43,15.22,15.13,15.22,14.72,14.49,14.05,14.02,14.05,
19.33,18.71,18.01,17.10,16.22,15.78,15.31,15.04,15.07,15.10,
20.97,20.91,20.79,20.62,20.09,19.33,18.50,17.89,17.13,16.22,
17.54,18.53,19.41,20.23,20.62,20.76,20.88,20.79,20.32,19.88,
14.22,14.13,14.43,15.54,16.72,17.62,18.89,19.59,20.18,20.73,
14.11,13.96,14.16,14.02,14.02,14.16,14.13,14.69,15.72,16.74,
14.31,13.90,13.90,14.11,14.11,13.87,14.08,14.25,14.13,14.22,
15.40,15.04,14.99,14.84,14.63,14.13,14.08,14.05,13.90,14.02,
18.45,17.62,16.57,15.95,15.45,15.28,15.07,15.13,14.87,14.49,
20.85,20.73,20.21,19.56,18.89,18.21,17.57,16.51,15.84,15.34,
19.35,20.00,20.65,20.79,20.79,20.82,20.67,20.06,19.30,18.71,
14.16,15.19,16.22,17.07,18.01,19.38,19.97,20.53,20.62,20.79,
14.08,14.05,14.02,14.22,14.11,14.28,15.34,16.36,17.27,18.21,
14.05,13.90,13.87,13.99,14.05,14.02,14.08,14.08,14.11,14.13,
15.19,15.07,14.78,14.25,14.02,14.08,13.99,13.81,13.96,13.96,
17.21,16.25,15.69,15.37,15.04,14.90,15.01,14.69,14.13,14.08,
20.47,19.71,19.18,18.56,17.74,16.98,15.98,15.69,15.37,15.01,
20.26,20.62,20.88,20.91,20.79,20.35,19.71,19.09,18.53,17.60,
15.78,16.60,17.57,18.71,19.71,20.47,20.62,20.82,20.76,20.65,
14.11,14.08,14.05,14.11,14.66,15.78,16.80,17.74,19.09,19.79,
14.02,14.02,13.96,14.05,13.99,14.05,14.11,14.11,14.08,14.78,
14.96,14.52,14.11,13.99,13.84,13.93,13.90,13.87,14.02,13.93,
15.92,15.37,15.16,15.04,15.10,14.90,14.52,14.02,14.02,13.96,
19.53,18.74,18.04,17.30,16.30,15.75,15.31,15.01,14.81,14.96,
20.76,20.82,20.85,20.50,20.06,19.53,18.62,18.18,17.42,16.28,
17.27,18.06,19.30,19.94,20.56,20.67,20.73,20.79,20.41,19.94,
14.13,13.99,14.31,15.22,16.33,17.42,18.09,19.41,20.18,20.41,
14.02,13.87,13.87,14.05,14.02,14.08,14.19,14.28,15.34,16.33,
14.25,13.90,14.02,13.99,13.87,14.05,14.05,13.84,13.96,13.96,
15.31,14.93,15.01,15.01,14.63,14.11,14.02,13.81,13.78,13.90,
18.42,17.74,16.72,16.10,15.63,15.34,14.96,15.10,15.07,14.43,
20.91,20.67,20.21,19.59,18.89,18.36,17.57,16.63,16.01,15.31,
19.09,19.71,20.21,20.67,20.67,20.79,20.65,20.12,19.59,18.97,
14.08,14.57,15.87,16.77,17.65,19.03,19.74,20.47,20.62,20.62,
13.99,13.90,14.05,13.93,13.96,14.16,14.75,15.89,16.98,17.62,
13.87,13.84,13.93,13.75,13.90,13.93,13.84,13.84,14.08,13.99,
15.04,14.90,14.66,14.31,13.87,13.96,13.90,13.93,13.84,13.99,
17.24,16.28,15.60,15.28,15.04,14.78,14.93,14.60,14.11,14.02,
20.50,19.85,19.27,18.65,18.01,17.13,16.16,15.75,15.37,14.96,
20.09,20.35,20.73,20.65,20.67,20.38,19.79,19.12,18.50,17.71,
15.43,16.33,17.45,18.45,19.30,20.32,20.38,20.82,20.85,20.56,
13.96,13.81,14.05,13.99,14.46,15.45,16.51,17.57,18.71,19.50,
13.90,13.87,13.96,14.02,13.81,14.11,13.96,14.13,14.19,14.49,
14.78,14.43,14.11,13.87,13.78,13.70,13.72,13.84,13.87,13.99,
15.92,15.34,15.13,14.87,15.01,14.78,14.37,13.93,13.72,13.72,
19.30,18.74,18.15,17.36,16.42,15.81,15.22,15.04,14.90,14.84,
20.65,20.73,20.65,20.62,19.97,19.35,18.77,17.98,17.24,16.30,
17.04,17.68,19.24,19.82,20.38,20.56,20.65,20.65,20.38,19.88,
13.96,13.96,14.19,15.04,16.19,17.16,17.95,19.27,20.00,20.29,
13.93,13.78,13.90,13.99,13.99,13.90,13.99,14.11,15.19,16.22,
14.37,13.93,13.78,13.87,13.96,13.84,13.99,13.96,13.90,14.11,
15.19,14.87,14.87,14.99,14.37,14.08,14.02,13.70,13.72,13.87,
18.53,17.74,16.69,16.10,15.48,14.96,14.99,14.81,14.84,14.49,
20.73,20.62,20.26,19.50,18.89,18.30,17.57,16.51,15.95,15.45,
18.91,19.56,20.26,20.47,20.67,20.73,20.56,20.18,19.53,18.80,
14.02,14.46,15.75,16.60,17.57,18.97,19.53,20.29,20.56,20.59,
14.08,13.96,13.78,14.13,14.11,14.05,14.81,15.81,16.89,17.71,
13.87,13.84,13.67,13.72,13.81,13.84,13.78,13.96,13.93,14.02,
15.01,15.01,14.72,14.22,13.93,13.99,13.61,13.90,13.87,13.90,
17.16,16.28,15.72,15.28,14.87,14.81,14.75,14.43,14.13,13.84,
20.50,19.79,19.38,18.53,17.77,17.07,16.28,15.48,15.31,14.99,
20.09,20.44,20.56,20.67,20.65,20.29,19.77,19.15,18.30,17.65,
15.34,16.33,17.21,18.21,19.38,20.06,20.32,20.56,20.65,20.62,
13.96,13.84,14.02,14.05,14.19,15.43,16.25,17.24,18.39,19.35,
13.81,13.64,13.87,13.84,13.93,13.81,13.87,14.05,14.02,14.43,
14.87,14.37,13.99,13.81,13.70,13.78,13.75,13.75,13.84,13.81,
16.07,15.43,15.07,14.93,14.87,14.75,14.37,14.02,13.81,13.75,
19.56,18.89,18.04,17.48,16.51,15.78,15.37,14.93,14.72,14.87,
20.65,20.73,20.73,20.41,20.00,19.33,18.68,17.86,17.21,16.30,
16.80,17.54,19.06,19.68,20.15,20.50,20.59,20.47,20.35,19.82,
13.99,13.93,13.99,14.72,15.95,16.98,17.62,19.21,19.82,20.35,
13.87,13.75,13.81,13.72,13.87,13.87,13.93,14.11,15.04,16.16,
14.22,13.84,13.72,13.75,13.78,13.70,13.81,13.78,13.78,13.96,
15.04,14.96,14.75,14.87,14.40,14.11,13.70,13.75,13.72,13.67,
18.45,17.60,16.72,16.04,15.43,15.22,14.87,14.84,15.04,14.55,
20.62,20.53,20.26,19.62,18.74,18.21,17.36,16.48,15.98,15.31,
18.74,19.47,20.03,20.47,20.62,20.70,20.62,20.06,19.59,18.74,
13.96,14.40,15.40,16.54,17.36,18.56,19.44,20.03,20.38,20.53,
13.96,13.72,13.78,13.90,13.93,13.96,14.49,15.66,16.51,17.51,
13.81,13.67,13.64,13.81,13.72,13.67,13.78,13.81,13.93,13.96,
14.93,14.78,14.57,14.25,13.81,13.75,13.70,13.61,13.78,13.81,
17.33,16.28,15.66,15.25,14.96,14.63,14.84,14.55,14.11,13.81,
20.50,19.77,19.12,18.65,18.01,17.04,16.22,15.69,15.19,15.04,
19.77,20.23,20.59,20.44,20.62,20.29,19.77,19.09,18.50,17.74,
15.22,16.10,17.04,17.89,19.09,19.91,20.38,20.47,20.56,20.53,
13.93,13.90,13.90,13.99,14.02,15.16,16.22,17.13,18.21,19.18,
13.90,13.78,13.58,13.84,13.72,13.84,13.84,13.84,13.96,14.19,
14.84,14.43,13.93,13.84,13.64,13.55,13.75,13.61,13.61,13.81,
15.98,15.31,14.87,14.81,14.93,14.78,14.28,13.87,13.64,13.78,
19.50,18.91,18.18,17.27,16.51,15.78,15.34,14.93,14.72,14.81,
20.50,20.59,20.44,20.47,20.18,19.35,18.77,18.09,17.30,16.22,
16.63,17.36,18.74,19.50,20.15,20.29,20.53,20.41,20.44,19.94,
14.02,13.99,13.81,14.63,15.69,16.77,17.48,19.00,19.59,20.15,
13.64,13.67,13.78,13.75,13.72,13.81,13.78,13.96,14.66,15.75,
14.28,13.78,13.64,13.67,13.61,13.67,13.81,13.87,13.87,13.78,
15.19,14.75,14.81,14.72,14.31,14.08,13.67,13.61,13.67,13.58,
18.50,17.74,16.98,16.16,15.45,14.99,14.96,14.69,14.75,14.34,
20.56,20.59,20.18,19.53,19.00,18.36,17.57,16.57,15.92,15.34,
18.42,19.18,19.79,20.35,20.44,20.47,20.62,20.00,19.59,18.91,
13.96,14.22,15.22,16.36,17.27,18.27,19.33,19.97,20.23,20.32,
13.87,13.81,13.72,13.75,13.81,13.81,14.22,15.37,16.60,17.36,
13.64,13.64,13.55,13.52,13.75,13.67,13.72,13.78,13.75,13.75,
14.75,14.66,14.63,14.22,13.99,13.75,13.58,13.70,13.78,13.55,
17.27,16.36,15.66,15.19,14.93,14.60,14.75,14.57,14.19,13.67,
20.44,19.88,19.24,18.59,17.89,17.21,16.16,15.60,15.16,14.81,
19.68,20.03,20.35,20.53,20.35,20.15,19.74,19.00,18.42,17.80,
14.78,15.69,16.77,17.57,19.12,19.85,20.21,20.59,20.59,20.56,
13.75,13.72,13.75,13.78,13.90,15.01,15.98,16.92,17.86,19.15,
13.75,13.49,13.64,13.70,13.75,13.64,13.81,13.78,13.81,14.02,
14.81,14.25,13.84,13.70,13.49,13.61,13.64,13.58,13.75,13.75,
16.07,15.34,15.04,14.78,14.69,14.81,14.34,13.90,13.67,13.46,
19.47,18.80,18.21,17.45,16.57,15.92,15.28,14.96,14.84,14.63,
20.38,20.44,20.47,20.47,19.97,19.38,18.83,18.15,17.33,16.36,
16.42,17.30,18.53,19.27,19.97,20.32,20.41,20.32,20.35,19.88,
13.93,13.87,13.70,14.40,15.43,16.51,17.54,18.74,19.50,20.12,
13.67,13.72,13.70,13.72,13.61,13.64,13.78,13.70,14.31,15.66,
14.31,13.84,13.58,13.52,13.52,13.64,13.72,13.67,13.75,13.78,
15.10,14.84,14.72,14.55,14.40,13.93,13.78,13.61,13.52,13.58,
18.56,17.77,16.98,16.04,15.66,15.10,14.90,14.81,14.69,14.43,
20.50,20.53,20.32,19.62,19.06,18.48,17.62,16.98,16.07,15.45,
17.74,18.97,19.71,20.23,20.32,20.47,20.47,20.18,19.59,18.80,
13.78,13.90,14.90,15.89,16.95,17.95,19.06,19.77,20.23,20.29,
13.64,13.61,13.70,13.72,13.81,13.84,13.96,15.04,16.10,16.98,
13.75,13.64,13.43,13.64,13.58,13.58,13.72,13.64,13.67,13.81,
14.87,14.69,14.69,14.31,13.90,13.67,13.61,13.46,13.61,13.64,
17.45,16.57,15.84,15.16,14.90,14.78,14.57,14.66,14.19,13.75,
20.47,19.91,19.41,18.62,18.09,17.33,16.42,15.78,15.16,14.81,
19.47,19.91,20.21,20.50,20.29,20.29,19.79,19.12,18.48,17.83,
14.43,15.48,16.39,17.51,18.65,19.38,19.91,20.26,20.56,20.38,
13.75,13.64,13.67,13.75,13.75,14.55,15.60,16.57,17.42,18.83,
13.61,13.49,13.55,13.67,13.67,13.67,13.70,13.64,13.75,13.84,
14.69,14.40,14.02,13.75,13.46,13.40,13.55,13.55,13.46,13.70,
16.16,15.54,15.04,14.69,14.66,14.69,14.37,13.96,13.78,13.49,
19.74,18.89,18.30,17.71,16.72,15.92,15.25,14.81,14.78,14.52,
20.29,20.38,20.38,20.41,20.32,19.68,18.89,18.36,17.62,16.77,
16.04,17.01,17.74,18.83,19.77,20.18,20.47,20.50,20.38,20.00,
13.78,13.58,13.81,13.99,15.04,15.98,17.10,18.04,19.03,19.88,
13.43,13.58,13.67,13.58,13.67,13.58,13.67,13.75,13.96,15.04,
14.40,13.99,13.61,13.52,13.34,13.55,13.67,13.46,13.72,13.78,
15.31,14.93,14.63,14.60,14.78,14.19,13.72,13.58,13.46,13.46,
18.77,17.89,17.36,16.39,15.75,15.16,14.99,14.63,14.66,14.55,
20.35,20.35,20.35,19.82,19.18,18.53,17.83,17.21,16.25,15.45,
17.30,18.53,19.44,19.97,20.18,20.38,20.47,20.26,19.77,19.03,
13.78,13.72,14.40,15.48,16.54,17.39,18.83,19.44,20.09,20.26,
13.67,13.55,13.49,13.75,13.70,13.70,13.87,14.46,15.60,16.77,
13.70,13.49,13.52,13.55,13.49,13.58,13.52,13.55,13.64,13.58,
14.96,14.63,14.60,14.40,14.02,13.58,13.43,13.40,13.55,13.55,
17.65,16.86,16.01,15.34,14.90,14.72,14.52,14.63,14.25,13.87,
20.41,20.03,19.50,18.97,18.12,17.62,16.66,15.81,15.31,14.81,
19.12,19.77,20.12,20.35,20.23,20.21,19.94,19.33,18.65,18.04,
13.99,15.01,16.07,16.98,18.04,19.24,19.77,20.23,20.35,20.35,
13.61,13.70,13.64,13.64,13.67,13.96,14.99,16.10,17.04,18.06,
13.67,13.43,13.46,13.58,13.64,13.43,13.70,13.75,13.61,13.61,
14.69,14.49,14.08,13.75,13.46,13.43,13.52,13.43,13.55,13.52,
16.33,15.48,15.04,14.84,14.46,14.66,14.46,13.99,13.72,13.46,
19.88,19.12,18.42,17.92,17.16,16.19,15.60,15.04,14.78,14.60,
20.06,20.29,20.35,20.38,20.15,19.88,19.12,18.33,17.83,16.89,
15.40,16.42,17.42,18.68,19.38,20.12,20.23,20.41,20.32,20.03,
13.61,13.55,13.67,13.70,14.63,15.54,16.54,17.39,18.68,19.56,
13.58,13.49,13.49,13.52,13.64,13.46,13.55,13.72,13.61,14.63,
14.43,13.90,13.75,13.43,13.61,13.52,13.55,13.61,13.46,13.61,
15.25,14.84,14.69,14.52,14.52,14.22,13.70,13.64,13.34,13.40,
18.89,18.15,17.60,16.63,15.78,15.22,14.78,14.66,14.49,14.49,
20.29,20.23,20.23,19.85,19.44,18.65,18.04,17.42,16.39,15.75,
17.07,18.01,19.00,19.85,20.00,20.21,20.53,20.29,20.06,19.47,
13.70,13.61,13.78,15.01,16.07,17.13,18.01,18.97,19.79,20.00,
13.64,13.49,13.49,13.61,13.70,13.67,13.61,13.99,15.10,16.07,
13.81,13.52,13.43,13.49,13.52,13.40,13.58,13.64,13.40,13.49,
14.90,14.55,14.66,14.52,14.22,13.61,13.52,13.28,13.37,13.58,
17.80,17.24,16.10,15.57,15.04,14.63,14.52,14.49,14.31,13.96,
20.50,20.26,19.68,19.30,18.45,17.89,17.10,16.07,15.57,15.01,
18.56,19.21,20.03,20.15,20.38,20.38,20.12,19.68,18.97,18.39,
13.81,14.40,15.37,16.33,17.27,18.62,19.30,19.88,20.06,20.23,
13.43,13.52,13.64,13.55,13.61,13.72,14.40,15.54,16.57,17.24,
13.52,13.37,13.37,13.46,13.61,13.46,13.46,13.52,13.58,13.58,
14.60,14.66,14.13,13.81,13.49,13.49,13.43,13.34,13.46,13.34,
16.95,15.81,15.31,14.78,14.55,14.49,14.63,14.13,13.75,13.49,
20.03,19.44,18.68,18.09,17.51,16.63,15.84,15.10,14.66,14.55,
19.68,20.06,20.41,20.26,20.23,19.94,19.38,18.71,17.95,17.42,
14.84,15.81,16.89,17.65,18.86,19.65,19.94,20.21,20.23,20.21,
13.64,13.43,13.64,13.46,13.72,15.07,16.07,17.01,17.95,19.00,
13.28,13.46,13.49,13.52,13.58,13.46,13.61,13.61,13.58,13.87,
14.63,14.22,13.67,13.58,13.49,13.46,13.46,13.40,13.34,13.64,
15.69,15.04,14.75,14.37,14.52,14.55,13.96,13.67,13.40,13.37,
19.30,18.42,17.92,17.24,16.10,15.48,14.99,14.60,14.52,14.37,
20.18,20.23,20.23,20.18,19.56,18.94,18.42,17.68,16.95,15.95,
16.48,17.21,18.45,19.33,20.00,20.23,20.15,20.32,20.09,19.59,
13.55,13.52,13.67,14.22,15.40,16.42,17.10,18.62,19.30,19.91,
13.49,13.34,13.49,13.43,13.64,13.46,13.52,13.67,14.40,15.54,
13.84,13.55,13.40,13.43,13.26,13.37,13.34,13.31,13.46,13.49,
14.90,14.57,14.52,14.52,14.31,13.64,13.52,13.34,13.26,13.40,
18.30,17.57,16.72,15.66,15.25,14.72,14.60,14.52,14.34,14.08,
20.35,20.23,20.09,19.41,18.68,18.15,17.45,16.69,15.84,15.01,
17.65,18.86,19.59,20.00,20.12,20.29,20.12,19.68,19.30,18.56,
13.58,13.64,14.99,15.89,16.74,17.95,18.86,19.71,19.97,20.12,
13.46,13.52,13.52,13.49,13.52,13.43,13.72,15.01,16.01,16.86,
13.52,13.23,13.37,13.34,13.34,13.52,13.43,13.43,13.46,13.46,
14.40,14.46,14.49,13.90,13.58,13.49,13.28,13.37,13.40,13.37,
17.27,16.16,15.57,15.07,14.84,14.40,14.40,14.34,13.87,13.49,
20.12,19.65,19.06,18.27,17.68,17.07,16.04,15.28,14.87,14.55,
19.27,19.79,19.94,20.15,20.23,20.06,19.74,18.97,18.27,17.65,
14.13,15.25,16.33,17.04,18.59,19.27,19.79,20.06,20.21,20.06,
13.64,13.49,13.49,13.46,13.55,14.40,15.43,16.48,17.21,18.56,
13.34,13.40,13.37,13.40,13.40,13.55,13.61,13.43,13.55,13.46,
14.63,14.16,13.67,13.61,13.31,13.26,13.43,13.28,13.34,13.46,
15.81,15.28,14.72,14.52,14.37,14.34,14.11,13.61,13.40,13.34,
19.47,18.77,17.95,17.60,16.66,15.69,15.13,14.60,14.46,14.43,
19.94,20.03,20.23,20.15,19.85,19.30,18.53,18.06,17.39,16.33,
15.84,16.63,17.74,18.89,19.59,19.94,20.15,20.21,20.26,19.74,
13.46,13.49,13.58,13.72,14.87,15.84,16.83,18.04,18.83,19.50,
13.46,13.34,13.46,13.43,13.58,13.49,13.49,13.64,13.93,15.16,
14.05,13.67,13.49,13.23,13.31,13.17,13.37,13.26,13.49,13.49,
15.10,14.69,14.40,14.34,14.34,13.93,13.34,13.49,13.28,13.28,
18.30,17.74,16.92,15.95,15.43,14.81,14.63,14.43,14.40,14.28,
20.18,20.21,20.12,19.62,19.09,18.36,17.68,16.98,15.87,15.25,
17.01,18.53,19.24,19.82,20.00,20.21,20.06,19.94,19.41,18.80,
13.67,13.61,14.28,15.31,16.51,17.13,18.59,19.24,19.82,20.09,
13.40,13.31,13.46,13.28,13.49,13.55,13.64,14.46,15.45,16.54,
13.43,13.26,13.14,13.14,13.52,13.37,13.55,13.46,13.28,13.49,
14.46,14.25,14.52,13.96,13.75,13.52,13.28,13.31,13.26,13.28,
17.51,16.60,15.72,15.16,14.63,14.57,14.31,14.55,13.93,13.58,
20.18,19.88,19.27,18.42,17.89,17.21,16.36,15.60,14.90,14.49,
18.86,19.56,19.88,20.12,20.29,20.09,19.82,19.06,18.50,17.86,
13.72,14.75,15.69,16.77,17.80,18.80,19.56,19.79,19.97,20.23,
13.49,13.55,13.40,13.43,13.43,13.70,15.10,16.07,17.07,17.83,
13.31,13.31,13.37,13.26,13.40,13.37,13.28,13.40,13.46,13.37,
14.52,14.34,13.87,13.52,13.46,13.31,13.20,13.17,13.26,13.34,
16.13,15.51,14.96,14.55,14.40,14.40,14.31,13.90,13.58,13.20,
19.82,19.09,18.24,17.74,16.98,16.07,15.48,14.99,14.63,14.37,
19.77,20.00,20.21,20.18,19.97,19.35,18.91,18.21,17.51,17.01,
15.25,16.16,17.13,18.36,19.21,19.65,19.91,20.12,20.21,20.09,
13.43,13.43,13.43,13.46,14.11,15.25,16.16,17.13,18.39,19.15,
13.26,13.26,13.28,13.34,13.43,13.43,13.46,13.46,13.37,14.34,
14.11,13.61,13.46,13.37,13.11,13.20,13.17,13.34,13.28,13.23,
15.28,14.72,14.37,14.40,14.37,14.02,13.67,13.34,13.31,13.23,
18.71,18.18,17.48,16.51,15.66,15.16,14.57,14.43,14.19,14.31,
19.97,20.09,20.18,19.71,19.24,18.59,17.92,17.39,16.33,15.45,
16.66,17.48,18.77,19.44,19.74,20.03,20.03,20.03,19.74,19.03,
13.49,13.37,13.75,14.60,15.60,16.72,17.74,18.74,19.53,19.94,
13.28,13.26,13.28,13.31,13.40,13.40,13.52,13.64,14.90,15.92,
13.58,13.34,13.28,13.17,13.20,13.31,13.26,13.28,13.37,13.37,
14.60,14.43,14.16,14.28,13.96,13.49,13.28,13.26,13.14,13.26,
17.80,17.01,16.19,15.28,14.90,14.60,14.31,14.31,14.19,13.78,
20.12,19.97,19.53,18.83,18.30,17.77,16.92,16.01,15.40,14.75,
18.48,19.12,19.68,19.88,20.15,20.06,19.88,19.56,18.86,18.12,
13.46,13.99,15.25,16.28,16.95,18.48,19.09,19.77,20.03,20.03,
13.49,13.37,13.28,13.52,13.46,13.52,14.28,15.31,16.33,17.18,
13.31,13.28,13.26,13.05,13.20,13.17,13.31,13.31,13.34,13.46,
14.40,14.34,14.16,13.61,13.28,13.40,13.05,13.23,13.17,13.11,
16.60,15.69,15.10,14.72,14.34,14.11,14.28,13.96,13.58,13.31,
20.09,19.44,18.53,18.15,17.33,16.60,15.63,15.10,14.55,14.40,
19.27,19.77,19.94,20.06,20.12,19.74,19.18,18.62,17.92,17.16,
14.60,15.51,16.69,17.27,18.68,19.35,19.82,19.97,20.06,20.09,
13.31,13.28,13.23,13.43,13.52,14.57,15.63,16.48,17.60,18.56,
13.26,13.08,13.14,13.37,13.43,13.26,13.46,13.31,13.43,13.70,
14.31,13.99,13.37,13.26,13.17,13.14,13.26,13.17,13.28,13.17,
15.63,14.93,14.37,14.43,14.28,14.34,13.96,13.34,13.31,13.17,
19.09,18.36,17.65,16.83,16.04,15.43,14.69,14.46,14.25,14.19,
19.94,20.00,20.03,20.15,19.50,18.94,18.18,17.57,17.04,15.89,
16.04,16.80,18.18,18.94,19.50,19.88,20.00,19.94,19.88,19.53,
13.34,13.31,13.52,13.78,15.16,15.89,16.98,18.21,19.03,19.65,
13.08,13.14,13.20,13.31,13.17,13.31,13.20,13.26,13.96,15.13,
13.87,13.34,13.11,13.28,13.17,13.20,13.28,13.17,13.34,13.28,
14.78,14.49,14.22,14.25,14.02,13.52,13.37,13.17,13.08,13.17,
18.15,17.39,16.77,15.63,15.04,14.63,14.43,14.34,14.31,13.96,
20.06,20.09,19.79,19.15,18.65,17.86,17.18,16.51,15.48,15.01,
17.21,18.62,19.30,19.82,20.03,20.15,20.18,19.82,19.30,18.56,
13.37,13.55,14.31,15.45,16.42,17.42,18.65,19.33,19.85,19.88,
13.31,13.28,13.28,13.34,13.26,13.46,13.52,14.55,15.75,16.60,
13.28,13.17,13.05,13.11,13.17,13.26,13.28,13.23,13.28,13.17,
14.43,14.28,14.31,13.84,13.55,13.34,13.11,13.02,13.11,13.20,
17.01,16.07,15.45,14.93,14.37,14.25,14.16,14.13,13.72,13.31,
20.03,19.38,19.06,18.33,17.51,16.80,16.10,15.34,14.78,14.49,
18.83,19.44,19.97,20.00,20.00,19.97,19.47,18.77,18.24,17.48,
13.99,14.96,15.92,16.83,18.24,18.83,19.56,19.77,20.03,20.00,
13.20,13.23,13.14,13.26,13.28,13.93,15.13,16.07,16.98,18.36,
13.14,13.14,13.14,13.20,13.23,13.05,13.26,13.20,13.37,13.31,
14.13,14.11,13.58,13.31,13.20,13.02,12.96,13.08,13.02,13.08,
15.69,15.22,14.75,14.25,14.13,14.11,14.08,13.72,13.20,13.14,
19.27,18.48,17.92,17.16,16.48,15.63,14.96,14.60,14.40,14.16,
19.68,20.03,20.12,19.94,19.74,19.12,18.33,17.86,16.98,16.33,
15.45,16.51,17.24,18.59,19.30,19.62,19.82,20.00,20.03,19.59,
13.34,13.14,13.26,13.43,14.37,15.60,16.57,17.45,18.65,19.35,
13.11,12.99,13.23,13.23,13.08,13.26,13.23,13.28,13.52,14.66,
13.87,13.34,13.31,13.23,13.11,13.14,13.26,13.17,13.20,13.23,
14.87,14.46,14.16,14.08,14.28,13.72,13.31,13.20,13.02,12.96,
18.27,17.71,16.92,15.87,15.37,14.66,14.34,14.25,14.28,14.05,
20.06,20.12,19.77,19.47,18.71,18.06,17.48,16.66,15.66,15.19,
17.04,18.12,18.86,19.38,19.79,19.85,20.06,19.91,19.27,18.83,
13.17,13.28,13.81,14.99,15.87,16.80,18.15,18.80,19.50,19.82,
13.17,13.08,13.20,13.40,13.31,13.23,13.34,13.81,15.10,16.01,
13.28,13.20,13.11,12.93,13.05,13.08,13.14,13.11,13.14,13.11,
14.40,14.16,14.19,13.90,13.64,13.37,13.11,13.05,13.11,13.14,
17.36,16.66,15.66,15.01,14.52,14.37,13.99,14.19,13.93,13.43,
19.91,19.91,19.30,18.56,17.89,17.18,16.48,15.60,15.10,14.46,
18.45,18.97,19.68,19.88,19.79,19.85,19.56,19.06,18.42,17.71,
13.46,14.31,15.37,16.36,17.16,18.48,19.21,19.59,19.94,19.91,
13.11,13.05,13.28,13.08,13.17,13.43,14.43,15.54,16.51,17.36,
13.23,13.14,13.17,13.11,12.96,13.23,13.28,13.17,13.17,13.14,
14.13,14.13,13.70,13.28,13.11,13.08,12.96,13.02,13.02,12.93,
16.19,15.25,14.78,14.49,14.22,14.11,14.16,13.58,13.34,13.05,
19.44,18.89,18.04,17.62,16.83,15.84,15.22,14.66,14.34,14.13,
19.56,19.79,19.97,19.82,19.91,19.35,18.91,18.18,17.48,16.60,
14.93,15.92,16.69,17.92,18.77,19.30,19.79,19.94,19.85,19.77,
13.23,13.28,13.23,13.17,13.72,14.96,16.07,16.98,18.09,18.74,
12.96,12.87,13.11,13.05,13.05,13.17,13.11,13.20,13.17,13.81,
14.08,13.61,13.14,13.08,13.08,12.99,13.02,13.05,13.08,13.05,
15.13,14.52,14.25,13.90,14.05,13.93,13.37,13.20,13.11,12.90,
18.50,17.77,17.21,16.45,15.37,14.90,14.31,14.25,13.99,14.08,
19.82,19.74,19.79,19.65,19.00,18.30,17.77,17.01,16.28,15.43,
16.28,16.98,18.42,19.00,19.53,19.88,19.94,19.88,19.62,19.06,
13.05,13.14,13.34,14.16,15.16,16.36,17.18,18.36,19.18,19.44,
13.02,12.93,13.17,13.08,13.11,13.14,13.28,13.26,14.46,15.40,
13.31,13.14,12.93,12.82,13.02,12.96,13.08,12.96,12.90,12.93,
14.25,14.13,14.22,14.08,13.67,13.37,13.08,12.93,12.84,12.93,
17.68,16.86,15.98,15.28,14.72,14.22,14.05,13.93,14.05,13.58,
19.82,19.71,19.50,18.94,17.98,17.62,16.63,15.95,15.16,14.57,
17.68,18.59,19.18,19.68,19.71,19.77,19.85,19.24,18.62,17.95,
13.31,13.58,14.72,15.66,16.66,18.01,18.68,19.38,19.74,19.68,
13.08,13.17,13.05,13.17,13.11,13.02,13.64,14.81,15.69,16.72,
12.99,12.93,13.02,12.90,12.96,12.93,13.14,12.96,13.14,13.05,
14.08,13.99,13.84,13.49,13.14,12.93,12.90,12.84,12.84,12.96,
16.63,15.60,15.13,14.46,14.28,13.90,13.99,13.90,13.43,13.02,
19.74,19.18,18.36,17.83,17.18,16.39,15.43,14.75,14.31,13.99,
18.94,19.47,19.53,19.82,19.82,19.65,19.06,18.24,17.74,17.13,
14.05,15.01,16.07,16.69,18.18,18.91,19.38,19.59,19.71,19.62,
13.08,13.17,12.99,13.02,13.17,14.11,15.16,16.07,16.86,18.24,
12.82,12.79,12.73,12.87,12.87,12.96,12.84,12.96,12.87,13.20,
14.11,13.55,13.20,13.08,12.82,12.82,12.84,12.73,12.82,12.84,
15.34,14.60,14.08,14.02,13.90,13.99,13.49,13.20,13.05,12.79,
18.97,18.24,17.42,16.77,15.98,15.07,14.69,14.13,13.96,13.90,
19.47,19.62,19.77,19.56,19.38,18.80,18.01,17.39,16.72,15.75,
15.45,16.28,17.45,18.48,18.97,19.53,19.68,19.62,19.62,19.12,
12.87,12.84,12.99,13.20,14.40,15.37,16.28,17.42,18.42,19.00,
12.84,12.76,12.82,12.99,12.90,12.90,13.02,13.08,13.17,14.52,
13.28,12.99,12.82,12.58,12.64,12.70,12.70,12.79,12.90,12.76,
14.37,13.99,13.78,13.70,13.58,13.34,12.87,12.87,12.73,12.55,
17.74,17.10,16.42,15.31,14.78,14.19,13.90,13.81,13.78,13.46,
19.53,19.62,19.41,18.94,18.30,17.68,16.95,16.33,15.19,14.78,
16.57,17.80,18.65,19.12,19.47,19.44,19.50,19.44,18.77,18.04,
12.73,12.90,13.70,14.69,15.72,16.54,17.95,18.56,19.24,19.47,
12.61,12.58,12.76,12.67,12.58,12.64,12.70,13.64,14.72,15.75,
12.58,12.52,12.49,12.58,12.58,12.52,12.67,12.61,12.67,12.82,
13.67,13.55,13.67,13.17,12.84,12.70,12.49,12.43,12.58,12.49,
16.77,15.81,14.90,14.22,13.75,13.58,13.49,13.52,13.17,12.79,
19.41,19.00,18.53,17.71,17.16,16.45,15.48,14.78,14.11,13.78,
18.09,18.86,19.06,19.21,19.44,19.18,18.74,18.39,17.57,16.98,
12.76,13.72,14.93,15.81,16.92,17.92,18.56,19.03,19.15,19.12,
12.52,12.40,12.40,12.58,12.49,12.70,14.02,14.96,16.04,17.07,
12.14,12.08,12.29,12.17,12.29,12.23,12.23,12.35,12.29,12.40,
13.23,13.28,12.76,12.38,12.35,12.02,12.08,12.11,12.11,12.29,
14.87,14.25,13.64,13.34,13.14,13.11,13.05,12.61,12.17,12.05,
18.21,17.65,16.98,16.33,15.72,14.43,14.08,13.43,13.26,13.08,
18.30,18.62,18.65,18.74,18.50,18.01,17.42,16.66,15.98,15.37,
13.81,14.87,15.63,17.01,17.65,18.36,18.59,18.56,18.77,18.53,
11.82,11.85,11.85,11.96,12.61,13.75,14.81,15.51,16.95,17.74,
11.61,11.73,11.47,11.55,11.67,11.52,11.76,11.70,11.91,12.73,
12.23,11.91,11.50,11.35,11.38,11.26,11.38,11.44,11.44,11.47,
13.31,12.84,12.49,12.40,12.49,12.02,11.73,11.52,11.26,11.32,
16.54,15.89,15.22,14.28,13.52,12.99,12.40,12.40,12.32,12.14,
17.98,17.92,17.89,17.68,17.01,16.25,15.69,14.78,14.08,13.23,
14.49,15.40,16.45,17.27,17.54,17.77,17.71,17.62,17.36,16.66,
10.88,10.88,11.32,12.17,13.31,14.40,15.45,16.36,17.16,17.33,
10.59,10.47,10.70,10.76,10.62,10.76,10.76,11.00,12.38,13.23,
10.79,10.53,10.38,10.41,10.44,10.38,10.50,10.35,10.62,10.53,
11.61,11.29,11.26,11.26,10.73,10.38,10.23,10.03,10.12,10.09,
14.49,13.81,12.70,12.11,11.64,11.32,11.17,11.00,10.94,10.50,
16.72,16.54,16.13,15.43,14.87,14.13,13.31,12.40,11.88,11.32,
15.10,15.66,16.42,16.45,16.66,16.63,16.36,15.95,15.34,14.63,
9.71,10.41,11.50,12.52,13.28,14.75,15.40,15.98,16.28,16.30,
9.44,9.53,9.47,9.59,9.50,9.74,9.65,10.82,11.91,12.67,
9.33,9.18,9.15,9.15,9.12,9.12,9.33,9.33,9.30,9.30,
10.47,10.21,10.09,10.23,9.71,9.44,9.09,9.12,8.97,9.15,
13.87,13.31,12.49,11.44,10.94,10.26,10.15,9.79,9.94,9.82,
15.66,15.78,15.43,15.25,14.55,13.67,13.17,12.29,11.47,10.85,
12.38,13.58,14.25,14.99,15.19,15.37,15.45,15.22,14.78,14.13,
8.59,8.74,9.03,10.03,11.03,11.94,13.08,13.99,14.87,15.04,
8.18,8.24,8.21,8.36,8.21,8.33,8.33,8.39,8.91,9.91,
8.89,8.36,8.24,8.15,8.04,8.01,8.12,8.21,8.04,8.21,
10.09,9.62,9.35,9.03,8.94,9.00,8.77,8.33,8.12,7.89,
14.25,13.52,12.79,12.20,11.44,10.38,9.79,9.33,8.91,8.77,
13.81,14.25,14.46,14.40,14.25,14.08,13.46,12.76,12.11,11.29,
8.97,9.88,10.76,11.67,12.93,13.58,14.05,14.19,14.25,14.37,
7.39,7.42,7.39,7.48,7.45,7.92,8.94,10.06,11.00,12.26,
7.01,7.16,7.18,7.21,7.16,7.16,7.21,7.13,7.21,7.36,
7.92,8.01,8.09,7.65,7.27,7.01,6.98,6.83,6.89,6.95,
11.35,10.53,9.56,9.03,8.48,8.04,7.80,7.74,7.74,7.57,
13.52,13.55,13.28,12.79,11.99,11.47,10.79,10.09,9.06,8.65,
10.29,11.61,12.23,12.96,13.14,13.34,13.31,13.08,12.82,11.85,
6.36,6.42,6.86,7.89,8.74,9.71,10.65,11.76,12.46,12.87,
6.16,6.10,6.07,6.10,6.16,6.25,6.33,6.36,6.42,7.54,
6.69,6.25,6.07,5.92,5.87,5.95,5.92,6.07,6.04,5.98,
8.21,7.77,7.36,7.07,6.86,6.92,6.72,6.36,6.01,5.89,
12.35,11.67,10.88,10.35,9.62,8.83,7.92,7.45,7.13,6.92,
11.26,11.99,12.29,12.29,12.35,12.38,11.61,11.17,10.38,9.77,
6.07,7.04,7.98,8.89,9.94,10.91,11.58,11.85,12.20,12.29,
5.31,5.40,5.25,5.34,5.45,5.45,5.87,6.86,7.71,8.80,
5.16,4.93,5.04,5.04,5.10,5.04,5.10,5.07,5.19,5.19,
6.33,6.13,5.95,6.04,5.72,5.37,5.04,4.99,4.78,4.87,
10.06,9.41,8.77,8.04,7.30,6.77,6.33,6.07,5.89,5.78,
11.41,11.61,11.50,11.50,11.20,10.47,9.74,9.30,8.65,8.01,
6.74,7.60,8.36,9.68,10.18,10.85,11.23,11.29,11.38,11.32,
4.52,4.43,4.43,4.49,4.87,5.75,6.66,7.65,8.21,9.71,
4.13,4.08,4.13,4.08,4.11,4.22,4.13,4.25,4.19,4.28,
5.19,5.16,5.25,4.69,4.40,4.16,4.02,3.90,3.96,3.99,
8.39,7.62,6.86,6.13,5.51,5.19,4.96,4.81,4.90,4.66,
10.62,10.70,10.73,10.12,9.41,8.80,8.30,7.68,6.83,6.07,
6.92,7.60,8.91,9.56,10.03,10.38,10.50,10.44,10.26,9.94,
3.67,3.67,3.75,3.96,4.96,5.78,6.92,7.57,8.94,9.50,
3.23,3.26,3.37,3.34,3.43,3.49,3.34,3.46,3.43,3.49,
4.37,4.22,3.78,3.37,3.14,3.11,3.14,3.17,3.08,3.26,
6.77,5.78,5.31,4.72,4.46,4.31,4.05,4.19,3.81,3.55,
10.03,9.91,9.35,8.74,8.12,7.51,6.83,6.19,5.34,4.99,
6.66,8.12,8.59,9.38,9.56,9.74,9.85,9.68,9.33,8.89,
2.87,2.87,2.90,3.40,4.43,5.51,6.36,7.18,8.30,8.86,
2.61,2.67,2.61,2.64,2.70,2.58,2.58,2.79,2.79,2.90,
3.64,3.49,3.11,2.70,2.55,2.46,2.23,2.32,2.38,2.32,
5.89,4.90,4.28,3.87,3.64,3.40,3.49,3.43,2.90,2.52,
9.21,8.97,8.56,8.09,7.39,6.86,6.13,5.31,4.55,4.05,
6.30,7.65,8.30,8.74,8.89,8.94,9.09,9.06,8.59,8.18,
2.38,2.26,2.26,2.96,4.13,5.07,5.89,6.92,7.80,8.27,
1.85,2.02,2.05,2.05,2.02,2.14,2.08,2.17,2.20,2.35,
3.17,2.76,2.23,2.11,1.85,1.91,1.91,1.88,1.96,1.70,
4.99,4.19,3.58,3.14,2.99,2.79,2.79,2.82,2.52,2.05,
8.68,8.42,8.04,7.27,6.83,6.16,5.40,4.60,3.93,3.46,
5.87,7.10,7.62,8.18,8.27,8.59,8.62,8.45,8.06,7.54,
1.67,1.73,1.70,2.58,3.55,4.69,5.37,6.54,7.10,7.89,
1.38,1.47,1.52,1.50,1.55,1.61,1.38,1.50,1.55,1.73,
2.46,2.11,1.61,1.44,1.32,1.38,1.23,1.38,1.35,1.35,
4.25,3.61,2.99,2.55,2.40,2.14,2.20,2.20,1.67,1.35,
8.06,7.83,7.36,6.77,6.13,5.45,4.90,3.96,3.37,2.82,
5.87,6.66,7.36,7.71,7.98,8.15,7.98,7.92,7.57,6.95,
1.14,1.20,1.38,2.43,3.23,4.22,5.01,6.39,7.04,7.62,
0.91,1.03,0.94,0.97,1.09,1.09,1.00,1.03,1.06,1.38,
2.11,1.41,1.20,1.00,0.70,0.73,0.73,0.79,0.79,0.79,
3.81,3.14,2.61,2.20,2.08,1.64,1.88,1.73,1.35,1.03,
7.89,7.36,6.98,6.42,5.66,5.04,4.43,3.46,2.90,2.43,
5.40,6.39,7.04,7.45,7.62,7.71,7.68,7.60,7.18,6.57,
0.82,0.85,1.00,1.91,2.90,3.90,4.66,5.87,6.48,7.07,
0.56,0.62,0.62,0.67,0.67,0.67,0.65,0.73,0.70,0.97,
1.58,1.23,0.82,0.56,0.38,0.38,0.29,0.38,0.50,0.44,
3.67,2.67,2.17,1.70,1.50,1.35,1.32,1.38,1.09,0.59,
7.54,6.95,6.48,5.81,5.43,4.78,4.25,3.17,2.49,2.11,
4.99,5.84,6.48,7.04,7.18,7.21,7.27,7.07,6.66,6.19,
0.56,0.50,0.62,1.55,2.40,3.37,4.11,5.37,5.98,6.74,
0.15,0.15,0.26,0.23,0.23,0.29,0.15,0.23,0.32,0.50,
1.14,0.79,0.35,0.03,0.06,0.00,0.00,0.00,0.06,0.06,
3.78,2.67,2.08,1.67,1.26,1.06,1.03,1.00,0.70,0.29,
7.18,7.01,6.60,5.98,5.25,4.72,3.96,3.23,2.46,1.88,
4.11,5.43,5.95,6.74,6.86,6.92,7.01,7.04,6.72,6.22,
0.18,0.21,0.29,0.76,1.88,2.90,3.81,4.60,5.48,6.25,
0.00,0.00,0.00,0.00,0.00,0.03,0.06,0.06,0.12,0.26,
1.00,1.11,0.67,0.21,0.00,0.00,0.00,0.00,0.00,0.00,
4.11,3.43,2.49,1.91,1.32,1.00,0.85,0.79,0.85,0.56,
7.07,7.01,6.83,6.39,5.95,5.19,4.60,3.75,3.05,2.20,
3.20,3.93,5.28,5.75,6.36,6.69,6.83,6.86,6.83,6.45,
0.00,0.00,0.09,0.03,0.50,1.50,2.35,3.46,4.08,5.40,
0.00,0.00,0.00,0.00,0.00,0.00,0.00,0.00,0.03,0.00,
1.00,0.65,0.82,0.56,0.38,0.00,0.00,0.00,0.00,0.00,
5.07,4.40,3.67,2.90,2.08,1.52,1.23,0.97,0.94,0.91,
6.66,6.89,7.04,6.98,6.54,6.04,5.31,4.75,4.08,3.52,
1.67,2.76,3.61,4.52,5.54,6.10,6.54,6.69,6.77,6.80,
0.06,0.00,0.00,0.06,0.03,0.26,0.97,1.96,2.87,3.87,
0.00,0.00,0.00,0.00,0.00,0.00,0.00,0.00,0.00,0.00,
1.26,1.03,0.79,0.76,0.79,0.41,0.03,0.00,0.00,0.00,
5.84,5.04,4.57,3.84,3.20,2.20,1.73,1.20,1.06,0.73,
6.51,6.63,6.83,6.86,6.80,6.66,6.16,5.51,4.87,4.28,
0.32,1.50,2.43,3.34,4.13,5.31,5.95,6.54,6.63,6.86,
0.00,0.03,0.00,0.00,0.00,0.06,0.09,0.26,1.50,2.17,
0.15,0.00,0.00,0.00,0.00,0.00,0.00,0.00,0.00,0.00,
2.26,1.67,1.17,0.94,0.79,0.73,0.70,0.15,0.00,0.00,
6.63,6.16,5.48,4.81,4.25,3.64,2.73,1.99,1.55,1.06,
5.51,6.07,6.60,6.77,6.92,6.95,6.74,6.28,5.78,5.07,
0.06,0.15,0.94,1.94,2.90,3.67,4.78,5.63,6.25,6.69,
0.00,0.00,0.00,0.00,0.00,0.00,0.00,0.00,0.00,0.38,
0.94,0.59,0.15,0.00,0.00,0.00,0.00,0.00,0.00,0.00,
3.64,2.58,1.96,1.58,1.26,0.97,0.79,0.91,0.53,0.26,
6.98,6.74,6.22,5.75,5.01,4.55,3.90,3.11,2.14,1.67,
3.93,5.19,5.78,6.48,6.72,6.74,6.89,6.83,6.57,6.13,
0.00,0.06,0.00,0.21,1.38,2.38,3.28,3.84,5.28,5.92,
0.00,0.00,0.00,0.00,0.00,0.00,0.00,0.06,0.00,0.00,
0.91,0.94,0.85,0.38,0.09,0.00,0.00,0.00,0.00,0.00,
4.63,3.78,3.05,2.26,1.79,1.44,1.03,0.91,0.73,0.76,
6.92,6.95,6.98,6.57,6.16,5.48,4.84,4.19,3.67,2.58,
2.87,3.78,4.57,5.48,6.25,6.66,6.83,6.89,6.98,6.77,
0.06,0.09,0.00,0.03,0.26,1.17,2.02,3.08,3.84,4.96,
0.00,0.00,0.00,0.00,0.00,0.03,0.03,0.09,0.00,0.09,
1.11,0.91,0.97,0.65,0.38,0.00,0.00,0.00,0.00,0.00,
5.28,4.63,4.13,3.31,2.32,1.88,1.50,1.26,0.88,0.91,
6.74,6.92,7.07,6.95,6.66,6.25,5.40,4.87,4.34,3.55,
1.88,2.67,3.67,4.43,5.60,6.16,6.66,6.89,6.92,7.04,
0.00,0.00,0.00,0.00,0.00,0.06,0.44,1.52,2.40,3.49,
0.15,0.06,0.00,0.00,0.00,0.00,0.00,0.09,0.21,0.12,
1.47,1.09,1.00,0.94,1.06,0.65,0.35,0.06,0.00,0.00,
6.04,5.48,4.90,4.28,3.28,2.43,1.96,1.50,1.14,0.85,
6.60,6.89,7.04,7.13,7.07,6.80,6.19,5.54,5.04,4.40,
0.47,1.58,2.58,3.58,4.28,5.66,6.16,6.72,6.95,7.04,
0.00,0.09,0.09,0.00,0.00,0.00,0.06,0.35,1.52,2.40,
0.38,0.00,0.09,0.00,0.00,0.00,0.00,0.03,0.06,0.03,
2.23,1.58,1.32,1.11,1.14,1.03,0.62,0.35,0.00,0.00,
6.66,6.19,5.34,4.90,4.13,3.46,2.46,1.99,1.52,1.20,
5.78,6.51,6.80,7.04,7.01,7.01,6.98,6.36,5.75,5.16,
0.38,0.44,1.50,2.58,3.43,4.13,5.48,6.07,6.63,6.95,
0.00,0.03,0.00,0.00,0.09,0.12,0.00,0.12,0.26,1.29,
0.73,0.32,0.15,0.00,0.00,0.00,0.00,0.00,0.00,0.00,
2.93,2.38,1.82,1.32,1.14,1.09,1.03,0.79,0.38,0.21,
7.18,6.72,6.13,5.51,4.90,4.25,3.58,2.67,2.23,1.64,
4.87,5.75,6.30,6.80,6.89,7.01,7.07,7.07,6.57,5.92,
0.29,0.32,0.50,1.41,2.46,3.46,4.22,5.51,6.13,6.72,
0.15,0.18,0.09,0.09,0.15,0.15,0.32,0.21,0.12,0.62,
1.26,0.85,0.35,0.18,0.15,0.00,0.00,0.00,0.00,0.06,
3.40,2.55,1.99,1.52,1.35,1.17,1.09,1.23,0.67,0.26,
7.16,6.77,6.30,5.66,5.10,4.72,4.05,3.08,2.49,1.88,
4.46,5.72,6.30,6.86,7.04,7.10,7.21,7.04,6.72,6.22,
0.38,0.26,0.35,0.94,1.96,3.05,3.96,5.07,5.87,6.48,
0.00,0.06,0.09,0.03,0.06,0.18,0.18,0.09,0.26,0.32,
1.17,0.79,0.53,0.26,0.00,0.00,0.06,0.09,0.15,0.06,
3.75,2.82,2.14,1.64,1.41,1.03,1.14,0.97,0.73,0.32,
7.36,7.04,6.69,6.07,5.45,4.96,4.22,3.34,2.73,1.91,
4.11,5.40,6.10,6.60,6.89,7.01,7.18,7.04,6.98,6.48,
0.32,0.21,0.29,0.67,1.82,2.87,3.75,4.72,5.75,6.33,
0.00,0.00,0.00,0.09,0.03,0.23,0.23,0.38,0.32,0.35,
1.17,1.23,0.73,0.35,0.26,0.00,0.00,0.03,0.03,0.09,
4.05,3.31,2.55,1.96,1.64,1.38,1.09,1.09,1.03,0.70,
7.36,7.30,6.86,6.51,5.75,5.31,4.60,4.08,2.93,2.40,
3.93,4.81,5.75,6.36,6.80,7.04,7.18,7.10,7.18,6.69,
0.44,0.32,0.38,0.56,1.52,2.40,3.40,4.25,5.34,6.01,
0.12,0.21,0.18,0.29,0.23,0.21,0.32,0.29,0.41,0.32,
1.17,1.20,1.00,0.67,0.32,0.32,0.15,0.06,0.18,0.21,
4.11,3.46,2.70,2.05,1.61,1.47,1.17,1.26,1.23,0.79,
7.42,7.21,7.01,6.45,5.92,5.19,4.63,3.99,3.05,2.35,
3.96,4.84,5.95,6.60,6.98,7.01,7.24,7.27,7.18,6.72,
0.44,0.41,0.32,0.50,1.44,2.43,3.55,4.40,5.60,6.28,
0.06,0.03,0.15,0.18,0.12,0.21,0.41,0.50,0.47,0.50,
1.32,1.32,0.82,0.47,0.23,0.35,0.06,0.18,0.35,0.35,
4.11,3.28,2.55,1.91,1.58,1.41,1.09,1.23,1.09,0.70,
7.45,7.42,7.01,6.28,5.66,5.16,4.49,3.96,2.99,2.32,
3.99,5.04,5.95,6.54,7.01,7.16,7.18,7.27,7.04,6.69,
0.44,0.35,0.29,0.50,1.61,2.61,3.67,4.28,5.63,6.30,
0.15,0.21,0.29,0.29,0.35,0.35,0.44,0.35,0.38,0.50,
1.29,1.23,0.91,0.50,0.41,0.32,0.18,0.26,0.23,0.21,
4.25,3.43,2.61,2.17,1.73,1.52,1.32,1.26,1.20,0.65,
7.39,7.39,7.16,6.60,5.92,5.19,4.75,4.08,2.99,2.58,
4.11,5.04,6.01,6.69,7.07,7.18,7.42,7.30,7.18,6.77,
0.59,0.38,0.41,0.59,1.70,2.49,3.43,4.34,5.63,6.33,
0.12,0.06,0.15,0.26,0.32,0.29,0.32,0.29,0.41,0.38,
1.50,1.38,1.06,0.76,0.32,0.29,0.26,0.29,0.26,0.18,
4.22,3.46,2.61,2.14,1.76,1.55,1.20,1.41,1.29,0.82,
7.45,7.36,7.07,6.63,5.92,5.28,4.69,4.05,3.02,2.52,
4.13,4.96,6.07,6.63,7.13,7.24,7.33,7.39,7.21,6.66,
0.44,0.47,0.59,0.73,1.55,2.55,3.72,4.43,5.60,6.39,
0.18,0.21,0.23,0.23,0.18,0.21,0.32,0.41,0.38,0.50,
1.41,1.38,1.09,0.56,0.50,0.32,0.26,0.18,0.21,0.41,
4.31,3.37,2.67,2.20,1.67,1.50,1.38,1.38,1.29,0.85,
7.48,7.24,6.95,6.51,5.81,5.25,4.72,4.05,3.20,2.49,
4.22,5.28,6.04,6.77,7.10,7.24,7.48,7.36,7.24,6.72,
0.65,0.67,0.67,0.79,1.82,2.67,3.58,4.28,5.66,6.33,
0.15,0.23,0.23,0.32,0.26,0.35,0.35,0.38,0.44,0.44,
1.38,1.44,1.11,0.70,0.26,0.26,0.23,0.32,0.21,0.41,
4.37,3.52,2.82,2.26,1.70,1.50,1.17,1.32,1.09,0.76,
7.51,7.27,6.98,6.48,5.87,5.28,4.87,4.22,3.08,2.55,
4.05,5.07,6.04,6.63,7.13,7.18,7.33,7.27,7.18,6.86,
0.50,0.44,0.62,0.79,1.67,2.67,3.70,4.43,5.87,6.36,
0.18,0.29,0.21,0.35,0.41,0.35,0.47,0.38,0.47,0.67,
1.44,1.44,1.03,0.62,0.47,0.29,0.32,0.23,0.29,0.32,
4.40,3.61,2.84,2.20,1.67,1.47,1.32,1.35,1.29,0.97,
7.62,7.48,7.18,6.57,5.92,5.40,4.81,4.05,3.08,2.40,
4.22,5.10,6.07,6.77,7.16,7.21,7.45,7.36,7.30,6.89,
0.70,0.47,0.65,0.73,1.82,2.70,3.75,4.46,5.69,6.30,
0.38,0.35,0.38,0.41,0.44,0.50,0.44,0.56,0.50,0.65,
1.55,1.55,1.14,0.85,0.50,0.41,0.44,0.38,0.41,0.44,
4.34,3.52,2.79,2.20,1.85,1.70,1.41,1.52,1.41,0.97,
7.54,7.57,7.13,6.72,5.98,5.31,4.81,4.11,3.17,2.55,
4.40,5.37,6.19,6.83,7.16,7.36,7.45,7.36,7.27,6.80,
0.65,0.56,0.53,0.73,1.91,2.76,3.64,4.43,5.78,6.28,
0.29,0.26,0.44,0.35,0.35,0.38,0.50,0.47,0.56,0.56,
1.58,1.64,1.26,0.76,0.44,0.44,0.41,0.47,0.38,0.44,
4.25,3.34,2.64,2.23,1.79,1.58,1.52,1.38,1.38,1.03,
7.62,7.39,7.13,6.63,5.98,5.40,4.72,4.13,3.17,2.61,
4.22,5.31,6.10,6.83,7.21,7.27,7.48,7.39,7.24,6.77,
0.79,0.73,0.65,0.76,1.91,2.79,3.67,4.52,5.84,6.48,
0.32,0.32,0.32,0.32,0.44,0.53,0.50,0.53,0.67,0.67,
1.47,1.47,1.03,0.67,0.65,0.47,0.35,0.44,0.41,0.56,
4.25,3.40,2.73,2.05,1.76,1.61,1.38,1.50,1.20,0.85,
7.62,7.57,7.18,6.60,5.98,5.34,4.66,3.93,3.14,2.70,
4.52,5.57,6.33,6.92,7.16,7.48,7.51,7.39,7.27,6.74,
0.65,0.85,0.76,1.09,2.08,2.96,3.96,4.60,6.04,6.63,
0.32,0.35,0.53,0.38,0.38,0.50,0.56,0.62,0.56,0.59,
1.61,1.64,1.17,0.73,0.56,0.44,0.44,0.26,0.38,0.44,
4.28,3.40,2.76,2.20,1.88,1.67,1.50,1.61,1.32,1.03,
7.65,7.57,6.95,6.54,5.95,5.34,4.63,4.08,3.05,2.70,
4.46,5.60,6.28,7.04,7.27,7.45,7.42,7.51,7.33,6.77,
0.70,0.62,0.76,1.06,2.11,3.17,4.08,4.69,5.95,6.54,
0.41,0.59,0.53,0.62,0.62,0.59,0.56,0.53,0.59,0.73,
1.52,1.55,1.20,0.85,0.62,0.65,0.41,0.29,0.44,0.44,
4.40,3.31,2.84,2.14,1.76,1.64,1.52,1.50,1.11,0.88,
7.65,7.48,7.13,6.54,5.72,5.25,4.72,4.02,3.05,2.46,
4.40,5.72,6.25,6.92,7.33,7.48,7.45,7.48,7.24,6.86,
0.70,0.67,0.91,0.91,2.23,3.05,3.93,4.93,6.04,6.74,
0.32,0.41,0.35,0.50,0.53,0.50,0.62,0.56,0.67,0.76,
1.64,1.41,1.14,0.67,0.70,0.47,0.41,0.53,0.76,0.62,
4.22,3.23,2.67,2.14,1.79,1.70,1.61,1.61,1.23,0.97,
7.68,7.45,7.16,6.63,5.92,5.34,4.78,3.96,3.23,2.55,
4.57,5.84,6.45,7.10,7.24,7.48,7.57,7.48,7.24,6.74,
0.73,0.62,0.79,1.09,2.35,3.28,4.13,4.99,6.19,6.89,
0.44,0.50,0.53,0.47,0.70,0.56,0.56,0.70,0.73,0.79,
1.70,1.52,1.26,0.88,0.65,0.62,0.50,0.56,0.70,0.56,
4.34,3.34,2.79,2.14,1.82,1.64,1.61,1.64,1.38,0.91,
7.74,7.45,7.10,6.45,5.75,5.28,4.57,3.84,3.08,2.38,
4.57,6.01,6.60,7.18,7.39,7.48,7.60,7.60,7.18,6.83,
0.67,0.62,0.76,1.29,2.29,3.40,4.28,5.28,6.25,6.95,
0.59,0.65,0.65,0.70,0.73,0.67,0.85,0.67,0.67,0.88,
1.76,1.38,1.11,0.70,0.73,0.65,0.50,0.50,0.65,0.59,
4.08,3.11,2.67,2.11,1.82,1.61,1.61,1.73,1.14,0.70,
7.60,7.51,7.01,6.36,5.69,5.22,4.63,3.70,3.02,2.64,
4.78,6.01,6.69,7.36,7.54,7.71,7.65,7.51,7.21,6.72,
0.82,0.70,0.94,1.58,2.58,3.58,4.57,5.54,6.30,6.92,
0.47,0.67,0.62,0.76,0.67,0.59,0.70,0.65,0.76,0.91,
1.76,1.35,1.06,0.70,0.59,0.59,0.59,0.53,0.70,0.67,
4.05,3.20,2.52,2.05,1.94,1.70,1.67,1.79,1.23,0.85,
7.71,7.33,6.89,6.25,5.78,5.07,4.43,3.75,2.96,2.52,
4.96,6.13,6.80,7.27,7.57,7.68,7.71,7.54,7.16,6.66,
0.91,0.85,1.09,1.61,2.67,3.75,4.49,5.69,6.30,7.13,
0.56,0.67,0.67,0.76,0.70,0.73,0.85,0.76,0.91,1.09,
1.73,1.50,1.17,0.67,0.50,0.50,0.38,0.53,0.50,0.79,
4.05,3.11,2.55,2.17,1.91,1.61,1.67,1.67,1.14,0.82,
7.77,7.60,7.10,6.42,5.78,5.13,4.34,3.61,2.96,2.43,
4.90,6.10,6.86,7.21,7.51,7.80,7.68,7.57,7.18,6.74,
0.79,0.65,0.85,1.50,2.73,3.70,4.43,5.60,6.39,7.10,
0.59,0.67,0.70,0.62,0.67,0.70,0.67,0.73,0.73,0.94,
1.82,1.50,1.23,0.91,0.70,0.67,0.70,0.65,0.67,0.65,
4.22,3.20,2.73,2.26,1.96,1.67,1.58,1.73,1.32,0.79,
7.83,7.60,7.04,6.48,5.92,5.22,4.52,3.72,3.05,2.58,
4.99,6.22,6.80,7.30,7.48,7.65,7.60,7.51,7.42,6.77,
0.85,0.85,0.88,1.50,2.49,3.64,4.46,5.54,6.39,7.13,
0.59,0.50,0.65,0.56,0.70,0.70,0.85,0.76,0.88,1.09,
1.82,1.44,1.17,0.67,0.76,0.59,0.50,0.70,0.62,0.73,
4.11,3.20,2.52,2.11,1.79,1.55,1.61,1.67,1.32,0.97,
7.83,7.42,7.07,6.36,5.75,5.28,4.55,3.70,3.05,2.49,
5.13,6.25,6.95,7.48,7.60,7.65,7.80,7.60,7.33,6.83,
0.88,0.82,1.00,1.82,2.90,3.75,4.69,5.75,6.54,7.16,
0.53,0.73,0.79,0.70,0.79,0.82,0.79,0.91,0.85,1.20,
1.82,1.26,1.17,0.70,0.67,0.56,0.50,0.65,0.73,0.67,
3.93,3.17,2.61,2.14,1.79,1.67,1.73,1.73,1.41,0.88,
7.77,7.60,7.10,6.42,5.87,5.28,4.55,3.72,3.05,2.40,
4.93,6.19,6.92,7.45,7.62,7.71,7.80,7.62,7.36,6.83,
0.97,1.03,1.11,1.55,2.73,3.67,4.57,5.54,6.54,7.13,
0.62,0.70,0.67,0.70,0.67,0.85,0.76,0.91,0.85,1.06,
1.85,1.52,1.20,0.73,0.65,0.47,0.47,0.79,0.67,0.88,
4.05,3.20,2.76,2.14,1.99,1.79,1.70,1.79,1.29,0.91,
7.89,7.57,6.95,6.36,5.95,5.25,4.60,3.70,2.96,2.49,
5.19,6.36,6.95,7.51,7.71,7.74,7.83,7.60,7.21,6.60,
1.00,0.85,1.06,1.79,2.90,3.84,4.72,5.84,6.51,7.30,
0.53,0.67,0.62,0.73,0.73,0.79,0.91,0.85,1.00,1.17,
1.96,1.32,1.06,0.82,0.56,0.59,0.59,0.82,0.76,0.88,
3.93,3.28,2.67,2.20,1.94,1.67,1.76,1.61,1.29,0.88,
7.80,7.48,6.98,6.33,5.69,5.16,4.57,3.52,2.87,2.35,
5.34,6.36,6.98,7.54,7.60,7.74,7.62,7.60,7.10,6.66,
0.94,1.00,1.11,1.91,2.99,3.84,4.72,5.98,6.57,7.24,
0.67,0.79,0.67,0.76,0.65,0.79,0.82,0.79,0.91,1.29,
1.99,1.41,1.06,0.73,0.85,0.73,0.62,0.82,0.85,0.73,
3.81,3.17,2.55,2.20,2.02,1.73,1.82,1.55,1.14,0.73,
7.83,7.21,6.89,6.10,5.57,5.04,4.49,3.37,2.93,2.35,
5.60,6.48,7.10,7.42,7.68,7.89,7.65,7.62,7.07,6.51,
0.94,1.00,1.11,2.08,3.14,4.05,4.72,6.07,6.69,7.27,
0.62,0.79,0.76,0.79,0.79,0.82,0.82,0.76,0.85,1.26,
1.88,1.50,1.17,0.85,0.82,0.79,0.82,0.76,0.88,0.85,
3.81,2.99,2.61,2.20,1.94,1.67,1.88,1.58,1.17,0.82,
7.86,7.45,6.92,6.28,5.60,4.99,4.46,3.52,2.96,2.38,
5.84,6.60,7.30,7.60,7.68,7.77,7.83,7.60,7.18,6.63,
0.97,0.94,1.23,2.14,3.23,4.13,4.81,6.13,6.74,7.27,
0.76,0.62,0.79,0.76,0.82,0.82,0.94,0.97,1.00,1.32,
1.94,1.38,1.00,0.76,0.73,0.56,0.65,0.73,0.79,0.82,
3.84,3.08,2.55,2.20,1.99,1.73,1.88,1.58,1.29,0.94,
7.92,7.30,6.89,6.19,5.72,5.19,4.55,3.34,2.73,2.38,
5.81,6.51,7.33,7.48,7.60,7.74,7.74,7.51,7.10,6.45,
1.11,1.06,1.20,2.32,3.23,4.16,4.78,6.04,6.80,7.24,
0.79,0.62,0.67,0.76,0.70,0.85,0.82,0.91,1.06,1.58,
1.96,1.47,1.14,0.88,0.85,0.67,0.67,0.73,0.70,0.97,
3.61,2.93,2.46,2.17,1.96,1.82,1.82,1.61,1.32,0.91,
7.80,7.30,6.83,6.25,5.75,5.07,4.31,3.34,2.96,2.40,
5.87,6.57,7.33,7.57,7.68,7.71,7.86,7.45,7.04,6.48,
0.91,0.91,1.35,2.43,3.34,4.43,5.01,6.39,6.98,7.62,
0.70,0.70,0.73,0.79,0.82,0.76,0.88,0.91,0.97,1.61,
1.79,1.32,1.00,0.79,0.88,0.85,0.73,0.91,0.79,0.82,
3.43,2.90,2.32,1.94,1.76,1.76,1.79,1.44,1.23,0.73,
7.80,7.36,6.89,6.25,5.63,5.04,4.08,3.26,2.64,2.35,
6.01,6.74,7.33,7.68,7.86,7.80,7.77,7.45,7.04,6.51,
0.91,1.00,1.50,2.58,3.49,4.40,5.25,6.30,7.01,7.45,
0.76,0.73,0.70,0.85,0.70,1.00,0.97,1.06,1.09,1.79,
1.79,1.29,1.11,0.79,0.70,0.76,0.70,0.82,0.88,0.91,
3.43,2.96,2.40,2.05,1.94,1.88,1.82,1.64,1.11,1.00,
7.86,7.21,6.77,6.16,5.57,4.99,4.16,3.43,2.67,2.23,
6.13,6.63,7.33,7.65,7.77,7.74,7.77,7.54,7.01,6.39,
1.09,1.03,1.55,2.67,3.72,4.60,5.37,6.54,7.10,7.42,
0.82,0.88,0.91,0.85,0.88,1.03,1.06,1.09,1.20,1.88,
1.64,1.26,1.06,0.97,0.79,0.70,0.82,0.91,0.73,0.73,
3.49,2.96,2.46,2.08,1.88,1.94,1.91,1.58,1.09,0.70,
7.86,7.24,6.66,5.84,5.40,4.75,3.93,3.14,2.70,2.35,
6.33,6.92,7.45,7.71,7.86,7.77,7.77,7.51,6.95,6.25,
0.94,1.03,1.79,2.99,3.81,4.90,5.89,6.69,7.07,7.54,
0.73,0.85,0.82,0.85,0.85,1.03,0.97,1.09,1.20,2.17,
1.73,1.17,0.91,0.79,0.85,0.73,0.76,0.73,0.70,1.03,
3.20,2.67,2.20,2.02,1.70,1.73,1.96,1.41,1.06,0.85,
7.65,7.27,6.66,6.07,5.45,4.52,3.67,3.08,2.52,2.23,
6.42,7.10,7.48,7.60,7.80,7.92,7.83,7.21,6.80,6.19,
1.17,1.20,2.02,2.99,3.90,4.90,5.95,6.63,7.42,7.68,
0.79,0.85,0.88,0.91,0.91,1.06,0.91,0.97,1.26,2.32,
1.55,1.20,0.91,0.67,0.76,0.65,0.88,0.76,0.85,0.94,
3.26,2.70,2.26,2.11,1.73,1.85,1.94,1.41,1.09,0.88,
7.62,7.16,6.45,5.87,5.16,4.63,3.84,3.02,2.52,1.99,
6.54,7.07,7.62,7.71,7.86,7.86,7.86,7.24,6.69,6.04,
1.11,1.14,2.14,3.17,3.93,4.87,5.95,6.69,7.18,7.60,
0.88,0.79,0.76,1.00,0.79,0.94,1.03,1.03,1.38,2.38,
1.58,1.11,0.97,0.94,0.67,0.88,0.79,0.79,0.85,0.85,
3.17,2.67,2.26,2.02,1.85,1.79,1.79,1.29,1.00,0.79,
7.57,6.92,6.33,5.69,5.07,4.46,3.61,2.87,2.61,2.11,
6.51,7.18,7.51,7.80,7.86,7.83,7.65,7.18,6.77,6.16,
1.09,1.06,2.20,3.17,4.11,4.72,6.13,6.80,7.27,7.62,
0.91,0.85,1.00,0.88,0.91,0.94,1.09,1.03,1.50,2.43,
1.70,1.14,0.97,0.88,0.79,0.85,0.82,0.97,0.79,0.91,
3.31,2.67,2.23,2.11,1.91,1.94,1.76,1.38,0.88,0.73,
7.65,6.95,6.30,5.72,5.19,4.43,3.70,2.96,2.43,2.23,
6.60,7.27,7.60,7.71,7.95,7.80,7.71,7.21,6.72,5.98,
1.20,1.20,2.17,3.26,4.28,4.81,6.25,6.92,7.60,7.77,
0.88,0.94,1.00,0.97,0.94,1.06,1.09,1.00,1.50,2.43,
1.70,1.32,0.85,0.82,0.79,0.73,0.94,0.79,0.91,0.91,
3.28,2.64,2.20,2.02,1.85,1.91,1.76,1.35,0.91,0.85,
7.62,6.95,6.48,5.81,5.19,4.66,3.40,2.93,2.43,2.20,
6.60,7.18,7.74,7.77,7.80,7.95,7.62,7.16,6.69,5.95,
1.26,1.38,2.20,3.23,4.31,4.90,6.16,6.92,7.54,7.65,
0.97,0.88,1.03,0.94,0.85,0.94,1.00,1.06,1.61,2.73,
1.67,1.23,0.94,0.79,0.85,0.82,0.91,1.00,0.76,0.82,
3.28,2.61,2.23,2.05,1.88,1.96,1.67,1.20,0.91,0.70,
7.48,6.86,6.30,5.72,5.10,4.55,3.43,2.99,2.46,2.26,
6.63,7.24,7.60,7.86,7.89,7.98,7.74,7.18,6.66,5.98,
1.26,1.44,2.55,3.49,4.31,5.13,6.54,6.92,7.60,7.60,
0.91,0.88,0.91,0.97,0.91,1.00,0.94,1.09,1.58,2.79,
1.52,1.00,1.00,0.88,0.76,0.79,0.91,0.94,0.88,0.79,
3.08,2.64,2.32,2.11,1.96,1.91,1.61,1.29,1.06,0.85,
7.45,6.95,6.39,5.72,5.13,4.49,3.58,3.08,2.61,2.14,
6.66,7.33,7.71,7.86,7.83,7.80,7.68,7.27,6.66,6.04,
1.20,1.38,2.61,3.40,4.34,5.16,6.36,6.95,7.60,7.71,
1.11,0.97,1.00,1.03,0.88,0.91,1.03,1.09,1.61,2.76,
1.61,1.14,0.97,1.00,0.82,0.88,0.85,0.91,1.00,1.09,
3.08,2.49,2.26,2.02,1.88,1.85,1.61,1.17,0.97,0.76,
7.57,6.95,6.42,5.78,5.07,4.40,3.43,2.84,2.40,2.14,
6.66,7.42,7.71,7.92,7.77,7.89,7.68,7.18,6.66,5.95,
1.14,1.52,2.67,3.61,4.55,5.25,6.54,6.98,7.48,7.74,
0.88,0.91,0.82,1.03,0.88,1.11,1.03,1.20,1.85,3.02,
1.55,1.09,1.00,0.85,0.79,0.88,0.82,0.94,0.91,0.94,
3.08,2.55,2.29,1.96,1.96,1.94,1.47,1.23,0.85,0.73,
7.42,6.77,6.25,5.72,4.84,4.25,3.49,2.93,2.52,2.20,
6.86,7.51,7.83,7.98,8.04,7.89,7.48,7.10,6.36,5.95,
1.23,1.67,2.82,3.78,4.69,5.66,6.57,7.21,7.71,7.77,
1.00,1.03,0.85,0.91,1.03,1.03,0.97,1.29,2.23,3.14,
1.32,1.00,1.06,0.85,0.91,0.91,0.91,1.00,1.03,1.09,
2.96,2.61,2.20,2.05,1.94,2.08,1.61,1.32,1.03,0.97,
7.45,6.66,6.13,5.48,4.87,4.05,3.34,2.73,2.29,2.05,
6.98,7.51,7.65,7.89,7.95,7.92,7.51,7.10,6.36,5.78,
1.38,1.79,2.99,3.72,4.81,5.72,6.60,7.39,7.65,7.80,
0.97,0.91,1.11,1.14,1.03,1.14,1.09,1.11,2.23,3.20,
1.52,1.17,1.09,0.97,1.00,0.76,0.82,0.85,0.94,1.03,
2.90,2.43,2.14,1.96,1.96,2.11,1.58,1.32,0.97,0.88,
7.39,6.77,6.07,5.48,4.90,3.93,3.34,2.67,2.20,2.11,
7.13,7.60,7.83,7.92,7.86,7.83,7.54,7.01,6.30,5.66,
1.32,2.05,3.14,4.13,4.90,5.95,6.80,7.33,7.65,7.77,
1.03,1.00,1.06,1.03,1.11,1.20,1.11,1.38,2.35,3.26,
1.47,1.09,1.00,0.91,0.88,0.94,0.85,0.79,0.91,1.11,
2.90,2.38,2.14,1.88,1.91,1.85,1.50,1.03,0.94,0.76,
7.33,6.60,6.13,5.34,4.60,3.75,3.14,2.52,2.32,2.02,
7.18,7.77,7.86,7.89,7.89,7.83,7.54,6.92,6.25,5.66,
1.26,2.20,3.20,4.25,5.01,6.28,6.98,7.57,7.68,8.01,
0.97,0.97,1.06,1.03,1.14,1.06,1.17,1.47,2.64,3.67,
1.29,1.00,1.06,1.03,0.91,0.85,0.88,0.94,1.06,1.06,
2.82,2.40,2.26,2.02,2.02,1.70,1.44,0.91,0.91,0.91,
7.16,6.36,5.87,5.16,4.49,3.61,3.14,2.64,2.17,2.05,
7.30,7.77,7.86,8.04,8.04,7.83,7.16,6.69,5.95,5.43,
1.61,2.64,3.64,4.57,5.19,6.48,7.04,7.57,7.80,8.12,
0.97,1.14,1.00,1.11,1.14,1.09,1.03,1.94,2.96,4.08,
1.20,1.11,1.03,0.85,0.94,0.85,1.09,0.97,1.14,1.14,
2.67,2.38,2.05,2.08,2.08,1.79,1.44,0.91,0.91,0.82,
6.86,6.13,5.66,4.99,4.34,3.43,2.93,2.38,2.23,1.94,
7.65,7.83,7.92,8.09,8.04,7.65,7.07,6.51,6.04,5.45,
1.70,2.84,3.75,4.72,5.81,6.63,7.33,7.83,8.01,8.01,
1.06,1.14,1.20,1.14,1.20,1.14,1.38,2.29,3.11,4.16,
1.14,1.03,0.94,0.91,1.00,1.00,1.06,0.97,1.03,1.00,
2.61,2.32,2.14,2.11,2.05,1.64,1.26,1.00,0.91,0.85,
6.86,6.13,5.66,4.87,4.16,3.37,2.73,2.46,2.14,2.05,
7.60,7.89,7.98,7.98,7.92,7.65,7.07,6.42,5.92,5.31,
1.99,2.79,3.84,4.75,5.63,6.63,7.33,7.74,7.86,7.98,
0.97,0.91,0.94,1.09,1.09,1.11,1.17,2.23,3.20,4.16,
1.17,0.97,0.85,0.85,0.85,0.94,0.97,1.00,1.11,1.11,
2.46,2.29,2.05,2.08,2.14,1.55,1.26,1.00,1.00,0.91,
6.86,6.19,5.72,5.01,4.05,3.37,2.96,2.32,2.20,1.85,
7.77,7.86,7.92,8.01,7.89,7.62,7.10,6.45,5.92,5.16,
2.17,3.17,4.22,5.04,6.10,6.72,7.45,7.74,8.06,8.06,
0.97,1.00,1.00,1.09,1.09,1.03,1.38,2.46,3.40,4.40,
1.23,0.94,1.06,0.91,0.82,0.88,0.82,0.94,0.97,1.09,
2.43,2.23,2.02,1.94,1.85,1.47,1.17,0.88,0.91,0.73,
6.57,5.89,5.40,4.81,3.72,3.28,2.64,2.32,2.11,2.14,
7.71,7.92,7.98,7.98,7.86,7.45,6.83,6.33,5.69,5.07,
2.29,3.23,4.25,4.93,6.22,6.98,7.48,7.83,8.01,8.04,
1.11,1.14,1.09,1.09,1.17,1.11,1.61,2.61,3.61,4.57,
1.03,0.94,0.97,0.91,0.82,0.97,0.94,0.91,1.03,1.03,
2.35,2.26,1.99,1.91,1.79,1.52,1.20,0.97,0.97,0.73,
6.66,6.01,5.48,4.87,3.78,3.23,2.70,2.32,2.11,1.91,
7.77,7.95,7.89,8.01,7.95,7.48,6.89,6.30,5.72,5.01,
2.55,3.40,4.46,5.07,6.51,7.01,7.71,7.89,7.95,8.01,
1.06,1.06,1.09,1.23,1.14,1.26,1.73,2.84,3.81,4.55,
1.17,0.97,1.06,1.06,1.09,1.06,1.17,1.09,1.06,1.11,
2.43,2.02,1.96,2.14,1.85,1.55,1.20,1.03,1.00,0.88,
6.36,5.72,5.25,4.66,3.61,3.02,2.52,2.32,2.14,1.96,
7.68,8.01,8.01,8.06,7.80,7.33,6.80,6.13,5.54,4.84,
2.76,3.58,4.60,5.25,6.48,7.10,7.68,7.98,8.15,8.21,
1.03,0.97,1.03,1.09,1.17,1.20,1.76,2.84,3.84,4.72,
1.00,0.91,1.00,1.00,1.00,1.09,0.94,1.11,0.97,1.29,
2.49,2.20,2.11,2.08,1.88,1.44,0.97,1.09,0.73,0.73,
6.42,5.78,5.25,4.49,3.46,2.96,2.43,2.38,2.08,2.23,
7.74,7.98,7.98,8.01,7.89,7.36,6.69,6.16,5.51,4.78,
2.76,3.55,4.57,5.43,6.72,7.27,7.68,7.86,8.01,8.04,
1.09,1.11,0.97,1.09,1.23,1.23,1.99,3.08,4.11,4.99,
1.06,0.88,0.97,0.91,0.91,0.91,1.09,1.03,1.17,1.20,
2.40,2.02,1.99,2.11,1.82,1.41,1.09,1.09,0.91,0.97,
6.39,5.69,5.10,4.34,3.55,2.90,2.43,2.23,2.02,1.94,
7.95,7.92,8.06,7.98,7.74,7.24,6.54,6.01,5.34,4.63,
3.11,3.99,4.96,5.89,6.80,7.54,7.71,7.92,8.01,8.04,
1.06,1.00,1.17,1.06,1.06,1.38,2.40,3.31,4.16,4.87,
1.09,0.88,0.88,0.97,1.14,1.09,1.06,1.20,1.29,1.14,
2.17,2.05,1.96,2.11,1.58,1.14,1.03,0.94,0.94,0.91,
6.10,5.66,5.04,4.05,3.28,2.70,2.26,2.17,1.94,2.14,
8.01,8.09,8.06,7.98,7.51,7.10,6.45,5.89,5.22,4.55,
3.08,4.13,4.99,6.07,6.72,7.42,7.77,7.83,7.98,8.15,
1.11,1.00,1.14,1.09,1.09,1.50,2.52,3.52,4.31,5.04,
1.14,0.79,0.94,0.97,1.00,0.85,1.09,1.11,1.09,1.17,
2.38,2.02,2.08,1.94,1.50,1.20,1.06,1.11,0.94,0.91,
6.22,5.45,4.90,3.96,3.46,2.93,2.40,2.40,2.05,2.17,
8.01,8.04,8.12,7.95,7.51,7.10,6.36,5.89,5.25,4.49,
3.26,4.16,5.07,6.30,6.86,7.54,7.80,8.01,8.15,8.04,
1.11,1.11,1.26,1.23,1.20,1.52,2.73,3.70,4.60,5.25,
1.14,0.97,1.06,1.14,1.00,1.11,1.11,1.06,1.09,1.14,
2.23,2.17,2.11,2.05,1.73,1.23,1.11,0.91,1.00,1.03,
6.10,5.51,4.93,3.99,3.40,2.82,2.55,2.29,2.20,1.99,
8.12,8.18,8.15,7.95,7.36,6.80,6.28,5.72,5.10,4.25,
3.52,4.52,5.01,6.45,7.13,7.68,7.98,8.09,8.06,7.92,
1.09,1.06,1.09,1.20,1.26,1.88,2.93,3.84,4.63,5.63,
1.11,1.06,1.17,1.20,1.23,1.20,1.26,1.26,1.17,1.41,
2.20,2.17,2.23,1.76,1.50,1.11,0.88,0.88,0.79,0.85,
5.95,5.25,4.55,3.72,3.26,2.67,2.32,2.26,2.14,2.20,
8.15,8.12,8.06,7.95,7.45,6.86,6.19,5.72,4.93,4.16,
3.70,4.60,5.43,6.72,7.16,7.80,8.01,8.06,8.18,7.98,
1.09,1.23,1.23,1.20,1.26,1.96,3.08,4.02,4.93,5.92,
1.14,1.03,1.06,1.00,1.17,1.14,1.26,1.35,1.35,1.32,
2.17,2.11,2.14,1.79,1.44,1.03,1.03,0.85,0.91,1.00,
5.75,5.07,4.37,3.58,2.93,2.49,2.35,2.17,1.99,2.02,
8.18,8.12,7.98,7.71,7.30,6.77,6.07,5.60,4.87,3.84,
4.02,4.87,5.84,6.86,7.48,7.92,8.12,8.18,8.15,7.98,
1.17,1.20,1.17,1.26,1.44,2.38,3.37,4.31,5.04,6.36,
1.09,0.88,1.03,1.03,0.97,1.17,1.11,1.17,1.14,1.09,
2.26,2.23,2.26,1.76,1.35,1.20,1.03,1.00,1.03,0.97,
5.63,4.90,4.16,3.37,2.99,2.38,2.23,2.05,2.29,1.85,
8.09,8.18,8.01,7.65,7.16,6.45,5.89,5.37,4.69,3.64,
4.25,5.10,6.22,6.92,7.51,8.01,8.09,8.09,8.15,8.01,
1.29,1.20,1.20,1.32,1.47,2.64,3.52,4.57,5.13,6.54,
1.14,1.00,1.00,1.09,1.20,1.23,1.26,1.23,1.17,1.17,
2.02,2.08,2.08,1.61,1.26,1.09,0.94,0.91,0.97,1.06,
5.51,4.75,3.90,3.28,2.73,2.46,2.23,2.02,2.14,1.73,
8.09,8.04,8.01,7.54,6.98,6.33,5.89,5.13,4.55,3.67,
4.43,5.16,6.48,7.01,7.60,7.92,8.12,8.06,8.12,7.95,
1.17,1.09,1.20,1.14,1.67,2.84,3.84,4.66,5.54,6.69,
1.00,0.94,1.00,1.09,1.06,1.20,1.06,1.17,1.20,1.26,
2.23,2.20,1.91,1.58,1.23,1.17,1.06,1.03,1.03,1.03,
5.45,4.75,3.87,3.05,2.73,2.35,2.14,2.14,2.23,1.82,
8.12,8.01,7.80,7.36,6.80,6.19,5.57,5.04,4.11,3.43,
4.55,5.25,6.57,7.16,7.65,7.95,8.12,8.09,8.06,7.65,
1.29,1.38,1.38,1.38,1.99,3.02,4.11,4.84,5.95,6.80,
1.00,1.00,1.09,1.14,1.06,1.17,1.23,1.17,1.09,1.32,
2.11,2.05,1.76,1.32,1.11,1.00,0.94,0.97,1.11,1.06,
5.22,4.37,3.64,3.08,2.70,2.40,2.14,2.29,2.11,1.67,
8.09,8.04,7.86,7.30,6.66,6.01,5.45,4.87,3.84,3.26,
4.99,5.87,6.83,7.48,7.95,7.89,8.18,8.01,7.92,7.45,
1.20,1.20,1.23,1.44,2.26,3.28,4.34,5.04,6.48,7.04,
1.03,1.09,1.23,1.17,1.23,1.26,1.20,1.20,1.20,1.38,
2.23,2.29,1.76,1.23,1.09,0.97,0.91,1.03,1.03,1.06,
5.04,4.08,3.52,2.99,2.52,2.40,2.26,2.23,2.08,1.52,
8.12,7.95,7.68,7.16,6.48,6.01,5.37,4.63,3.75,3.11,
5.10,6.19,6.95,7.65,8.04,8.06,8.01,7.98,7.86,7.45,
1.17,1.23,1.26,1.50,2.67,3.61,4.55,5.28,6.51,7.16,
1.11,1.03,1.11,1.20,1.06,1.03,1.26,1.41,1.20,1.29,
2.20,2.20,1.58,1.26,1.20,1.00,0.94,0.97,1.03,1.03,
4.96,3.90,3.40,2.84,2.43,2.17,2.02,2.17,1.88,1.52,
8.21,8.01,7.54,7.04,6.30,5.81,5.22,4.37,3.55,2.87,
5.31,6.57,7.16,7.77,8.09,8.27,8.30,8.06,7.71,7.30,
1.14,1.38,1.32,1.70,2.82,3.75,4.81,5.51,6.80,7.21,
1.17,1.14,1.14,1.23,1.29,1.26,1.20,1.38,1.35,1.50,
2.26,1.96,1.67,1.32,1.09,1.03,1.09,1.00,1.06,1.06,
4.87,3.70,3.26,2.64,2.43,2.32,2.26,2.38,1.82,1.35,
8.18,8.04,7.42,6.83,6.28,5.72,5.07,4.16,3.55,2.96,
5.45,6.72,7.13,7.74,8.01,8.15,8.27,8.12,7.80,7.24,
1.32,1.26,1.38,2.14,3.20,4.02,5.01,5.95,6.74,7.48,
1.00,0.97,1.29,1.14,1.06,1.17,1.17,1.20,1.20,1.55,
2.17,1.76,1.50,1.11,1.03,0.97,0.88,1.06,0.94,1.09,
4.46,3.58,3.11,2.61,2.32,2.20,2.14,2.40,1.85,1.29,
8.12,7.86,7.36,6.80,6.22,5.63,4.93,4.05,3.34,2.93,
5.72,6.77,7.42,7.92,8.01,8.27,8.21,8.06,7.68,7.10,
1.41,1.41,1.50,2.05,3.11,4.11,4.87,6.04,6.80,7.39,
1.06,1.29,1.32,1.26,1.20,1.38,1.35,1.35,1.35,1.55,
2.11,1.85,1.44,1.14,1.09,1.00,0.88,1.00,1.03,1.11,
4.25,3.40,2.96,2.55,2.52,2.35,2.35,2.14,1.76,1.29,
8.09,7.68,7.21,6.66,6.01,5.54,4.81,3.93,3.28,2.76,
6.16,6.86,7.65,7.92,8.04,8.21,8.12,8.15,7.60,7.04,
1.26,1.23,1.44,2.43,3.43,4.28,5.07,6.33,7.04,7.74,
1.20,1.20,1.11,1.11,1.32,1.14,1.20,1.38,1.29,1.73,
2.26,1.82,1.38,1.17,1.06,1.14,1.06,1.20,1.03,1.03,
4.16,3.58,2.96,2.61,2.35,2.32,2.32,1.96,1.61,1.35,
7.98,7.71,7.10,6.51,5.98,5.31,4.75,3.64,3.20,2.58,
6.07,6.83,7.42,7.86,8.12,8.30,8.30,8.09,7.51,7.07,
1.23,1.23,1.47,2.61,3.58,4.49,5.16,6.60,7.10,7.80,
1.09,1.06,1.20,1.26,1.09,1.23,1.26,1.23,1.20,1.85,
2.32,1.76,1.38,1.26,1.20,1.06,1.20,1.11,1.23,1.26,
4.13,3.46,3.08,2.70,2.40,2.35,2.32,1.99,1.82,1.47,
8.06,7.71,7.27,6.54,5.95,5.34,4.66,3.78,3.26,2.64,
6.36,7.01,7.60,7.98,8.12,8.06,8.18,7.95,7.42,6.89,
1.38,1.38,1.82,2.93,3.78,4.75,5.54,6.72,7.30,7.71,
1.26,1.14,1.32,1.26,1.23,1.44,1.35,1.47,1.52,2.29,
2.08,1.67,1.41,1.14,1.11,0.91,0.97,1.06,1.03,1.23,
3.99,3.14,2.82,2.35,2.26,2.23,2.23,1.85,1.64,1.35,
8.01,7.51,6.89,6.42,5.84,5.16,4.28,3.61,2.96,2.64,
6.69,7.18,7.74,7.92,8.27,8.27,8.09,7.80,7.42,6.74,
1.32,1.50,1.96,3.17,4.11,4.90,5.92,6.92,7.48,7.77,
1.32,1.17,1.26,1.26,1.26,1.23,1.26,1.41,1.64,2.61,
1.91,1.47,1.11,1.11,0.88,0.91,1.06,1.00,1.14,1.09,
3.70,3.05,2.64,2.40,2.20,2.26,2.29,1.67,1.38,1.06,
8.01,7.45,6.77,6.10,5.63,5.04,4.08,3.43,2.84,2.43,
6.89,7.42,8.04,8.18,8.24,8.33,8.12,7.74,7.13,6.42,
1.23,1.35,2.14,3.20,4.16,5.10,6.04,6.77,7.57,7.86,
1.11,1.11,1.20,1.20,1.09,1.26,1.23,1.38,1.70,2.84,
1.79,1.38,1.20,1.00,0.94,1.00,0.94,1.09,1.03,1.32,
3.64,2.90,2.52,2.38,2.20,2.35,2.20,1.76,1.47,1.09,
7.89,7.36,6.74,6.10,5.54,4.90,4.02,3.40,2.90,2.52,
6.89,7.48,8.01,8.04,8.21,8.15,7.95,7.57,7.07,6.51,
1.26,1.52,2.40,3.43,4.40,5.10,6.42,7.04,7.68,7.92,
1.17,1.17,1.29,1.20,1.29,1.26,1.38,1.38,1.73,2.90,
1.91,1.41,1.26,1.17,1.11,1.06,1.14,1.14,1.26,1.20,
3.70,3.11,2.70,2.49,2.20,2.26,2.02,1.76,1.47,1.14,
7.83,7.18,6.57,5.89,5.34,4.75,3.81,3.23,2.76,2.43,
7.04,7.68,8.06,8.18,8.24,8.24,8.04,7.60,7.10,6.51,
1.29,1.67,2.64,3.67,4.57,5.28,6.60,7.24,7.65,7.98,
1.23,1.09,1.20,1.23,1.14,1.38,1.44,1.44,1.82,2.99,
1.91,1.35,1.20,1.09,1.11,1.14,1.09,1.14,1.17,1.29,
3.52,3.08,2.67,2.52,2.38,2.20,2.02,1.50,1.35,1.20,
7.74,7.10,6.39,5.95,5.34,4.60,3.67,3.23,2.76,2.46,
7.13,7.80,8.06,8.18,8.33,8.12,7.92,7.27,6.80,6.16,
1.38,1.73,2.82,3.75,4.72,5.60,6.86,7.39,7.98,8.12,
1.03,1.17,1.20,1.38,1.20,1.38,1.38,1.35,2.32,3.23,
1.58,1.29,1.20,1.06,1.09,1.14,1.06,1.11,1.17,1.11,
3.34,2.87,2.49,2.35,2.20,2.17,1.94,1.50,1.17,1.20,
7.65,7.01,6.45,5.72,5.13,4.34,3.49,3.02,2.55,2.29,
7.16,7.86,7.98,8.15,8.18,8.15,7.95,7.39,6.66,5.95,
1.47,2.08,3.14,4.08,4.99,5.95,6.95,7.51,7.95,8.09,
1.29,1.14,1.26,1.38,1.44,1.44,1.35,1.55,2.67,3.75,
1.47,1.29,1.17,1.14,1.14,1.11,1.23,1.17,1.29,1.32,
3.20,2.52,2.35,2.17,2.08,2.14,1.73,1.35,1.32,1.11,
7.30,6.86,6.28,5.57,4.90,4.05,3.37,2.73,2.46,2.38,
7.62,8.06,8.06,8.18,8.09,8.04,7.65,7.13,6.57,5.92,
1.52,2.46,3.43,4.37,5.16,6.48,7.01,7.68,7.92,8.12,
1.26,1.32,1.26,1.32,1.41,1.38,1.35,1.82,2.96,3.81,
1.50,1.32,1.23,1.09,0.91,1.06,1.11,1.14,1.09,1.20,
3.05,2.70,2.46,2.29,2.32,2.05,1.76,1.47,1.23,1.23,
7.27,6.74,6.16,5.57,4.87,3.81,3.37,2.79,2.52,2.35,
7.80,8.01,8.12,8.18,8.09,7.89,7.65,7.01,6.39,5.78,
1.70,2.67,3.70,4.55,5.28,6.74,7.30,7.83,8.06,8.18,
1.29,1.20,1.29,1.32,1.17,1.38,1.26,2.08,2.99,4.02,
1.38,1.11,1.11,0.97,1.00,1.09,1.11,1.17,1.17,1.09,
2.93,2.52,2.38,2.38,2.46,2.02,1.47,1.23,1.17,1.14,
7.10,6.54,5.95,5.22,4.52,3.72,3.08,2.70,2.40,2.26,
7.83,7.92,8.09,8.12,8.36,7.89,7.39,6.77,6.25,5.60,
1.82,3.05,3.93,4.81,5.66,6.86,7.51,7.83,7.92,8.21,
1.35,1.29,1.32,1.32,1.50,1.50,1.64,2.40,3.37,4.43,
1.38,1.26,1.14,1.09,1.23,1.20,1.20,1.23,1.20,1.14,
2.84,2.43,2.26,2.20,2.26,1.85,1.52,1.17,1.14,1.00,
6.95,6.42,5.78,5.04,4.22,3.43,2.96,2.46,2.43,2.20,
7.92,8.06,8.30,8.30,8.15,7.92,7.30,6.63,6.13,5.43,
2.20,3.20,4.13,5.07,6.10,6.86,7.60,7.83,8.01,8.24,
1.35,1.20,1.29,1.29,1.44,1.47,1.61,2.64,3.58,4.52,
1.35,1.26,1.03,1.06,1.14,1.11,1.14,1.09,1.32,1.38,
2.76,2.32,2.20,2.20,2.26,1.73,1.41,1.09,1.14,1.03,
6.72,6.13,5.66,4.87,4.08,3.49,2.99,2.55,2.32,2.23,
8.01,8.21,8.39,8.39,8.24,7.68,7.21,6.42,6.10,5.48,
2.32,3.40,4.25,5.13,6.33,7.07,7.54,7.95,8.18,8.12,
1.35,1.23,1.41,1.50,1.52,1.55,1.73,2.84,3.67,4.69,
1.26,1.14,1.20,1.17,1.26,1.26,1.20,1.32,1.29,1.32,
2.70,2.40,2.26,2.23,2.23,1.67,1.47,1.32,1.14,1.14,
6.74,6.13,5.57,4.90,3.93,3.34,2.93,2.52,2.35,2.32,
8.12,8.21,8.33,8.24,8.18,7.74,7.24,6.45,5.87,5.34,
2.70,3.64,4.63,5.28,6.57,7.16,7.83,7.95,8.09,8.21,
1.26,1.26,1.44,1.38,1.32,1.55,2.08,3.11,3.96,4.96,
1.26,1.26,1.23,1.11,1.26,1.17,1.09,1.14,1.17,1.29,
2.64,2.32,2.32,2.40,2.11,1.88,1.50,1.17,1.29,1.14,
6.54,5.98,5.34,4.69,3.75,3.17,2.73,2.52,2.26,2.29,
8.12,8.24,8.27,8.15,8.01,7.45,7.04,6.28,5.84,5.04,
3.05,3.87,4.84,5.51,6.77,7.39,7.80,8.18,8.30,8.30,
1.38,1.20,1.50,1.44,1.52,1.50,2.35,3.52,4.37,5.19,
1.20,1.09,1.06,1.09,1.20,1.09,1.20,1.17,1.29,1.20,
2.64,2.35,2.35,2.32,1.85,1.44,1.38,1.26,1.14,1.11,
6.36,5.81,5.13,4.40,3.67,3.17,2.61,2.52,2.23,2.35,
8.24,8.27,8.33,8.36,7.89,7.48,6.74,6.13,5.60,4.96,
3.26,4.13,5.04,6.01,6.89,7.48,7.95,8.12,8.18,8.24,
1.35,1.26,1.44,1.50,1.44,1.61,2.79,3.58,4.66,5.31,
1.29,1.09,1.26,1.17,1.11,1.35,1.26,1.20,1.41,1.35,
2.70,2.29,2.29,2.17,1.82,1.47,1.17,1.11,0.97,1.29,
6.19,5.69,5.04,4.08,3.43,2.87,2.58,2.32,2.29,2.35,
8.21,8.24,8.30,8.30,7.86,7.21,6.54,6.04,5.48,4.78,
3.58,4.43,5.16,6.51,7.10,7.65,8.01,8.18,8.18,8.21,
1.47,1.47,1.52,1.47,1.41,1.99,3.02,4.05,4.72,5.54,
1.29,1.14,1.14,1.29,1.17,1.35,1.17,1.35,1.26,1.35,
2.52,2.14,2.40,2.26,1.76,1.44,1.20,1.11,1.20,1.14,
5.98,5.43,4.84,3.87,3.31,2.79,2.52,2.35,2.26,2.20,
8.21,8.24,8.21,8.06,7.57,7.21,6.57,6.04,5.28,4.60,
3.64,4.60,5.37,6.66,7.33,7.95,8.01,8.12,8.24,8.18,
1.41,1.50,1.52,1.50,1.52,1.91,3.05,3.93,4.90,5.75,
1.06,1.14,1.14,1.11,1.17,1.17,1.26,1.23,1.41,1.26,
2.38,2.23,2.38,2.11,1.76,1.32,1.09,1.20,1.09,1.14,
6.01,5.43,4.75,3.87,3.23,2.84,2.43,2.26,2.11,2.32,
8.24,8.36,8.24,8.12,7.54,6.89,6.45,5.81,5.22,4.25,
3.81,4.84,5.54,6.83,7.48,7.95,8.04,8.21,8.24,8.21,
1.38,1.35,1.47,1.52,1.58,2.35,3.26,4.25,5.19,6.28,
1.00,0.97,1.17,1.23,1.20,1.38,1.14,1.38,1.32,1.41,
2.46,2.38,2.49,1.82,1.61,1.29,1.11,1.14,1.00,1.23,
6.01,5.16,4.37,3.72,3.17,2.61,2.52,2.20,2.32,2.17,
8.33,8.27,8.39,7.89,7.54,6.57,6.16,5.51,5.04,4.05,
4.16,5.04,5.98,6.89,7.57,7.95,8.12,8.30,8.24,8.21,
1.32,1.32,1.32,1.35,1.61,2.58,3.61,4.69,5.34,6.45,
1.03,1.26,1.17,1.20,1.17,1.17,1.41,1.20,1.44,1.35,
2.32,2.43,2.35,2.08,1.50,1.26,1.14,1.17,1.17,1.32,
5.66,5.10,4.34,3.61,2.96,2.52,2.49,2.32,2.35,2.20,
8.36,8.24,8.21,7.89,7.42,6.83,6.16,5.66,4.96,3.87,
4.37,5.13,6.22,6.95,7.60,8.06,8.24,8.30,8.24,8.09,
1.44,1.35,1.44,1.50,1.70,2.84,3.70,4.63,5.22,6.57,
1.23,1.23,1.26,1.23,1.26,1.32,1.20,1.29,1.29,1.44,
2.40,2.43,2.43,1.88,1.64,1.38,1.26,1.06,1.20,1.23,
5.84,5.13,4.25,3.61,3.08,2.67,2.52,2.23,2.38,2.20,
8.30,8.27,8.15,7.74,7.45,6.74,6.28,5.54,4.96,3.93,
4.34,5.07,6.28,7.07,7.77,8.04,8.18,8.30,8.30,8.15,
1.52,1.35,1.47,1.47,1.76,2.93,3.70,4.69,5.28,6.74,
1.20,1.06,1.23,1.17,1.11,1.14,1.29,1.23,1.32,1.32,
2.32,2.26,2.35,1.91,1.58,1.32,1.32,1.20,1.09,1.11,
5.57,4.99,4.16,3.40,2.96,2.61,2.46,2.23,2.35,2.02,
8.33,8.36,8.36,7.95,7.24,6.60,6.16,5.43,4.69,3.67,
4.43,5.25,6.42,7.07,7.60,8.04,8.15,8.27,8.21,8.01,
1.35,1.47,1.44,1.61,1.94,3.02,3.87,4.78,5.57,6.66,
1.03,1.03,1.09,1.20,1.26,1.38,1.38,1.38,1.41,1.35,
2.43,2.29,2.08,1.67,1.58,1.38,1.11,1.23,1.23,1.32,
5.54,4.81,3.93,3.28,2.90,2.61,2.20,2.35,2.23,1.91,
8.36,8.33,8.09,7.54,6.98,6.39,5.84,5.07,4.34,3.52,
4.66,5.48,6.74,7.30,7.86,8.09,8.33,8.33,8.21,7.98,
1.41,1.35,1.47,1.44,2.20,3.31,4.19,4.99,6.01,6.86,
1.17,1.32,1.35,1.29,1.29,1.35,1.32,1.44,1.44,1.47,
2.38,2.38,1.94,1.70,1.35,1.32,1.14,1.14,1.11,1.20,
5.31,4.52,3.70,3.23,2.79,2.55,2.38,2.43,2.43,1.76,
8.36,8.42,7.92,7.30,6.89,6.25,5.66,4.87,4.13,3.46,
5.04,5.84,6.86,7.62,7.95,8.09,8.36,8.24,8.18,7.68,
1.47,1.52,1.55,1.67,2.73,3.55,4.43,5.16,6.51,7.21,
1.09,1.09,1.06,1.17,1.23,1.23,1.32,1.29,1.35,1.50,
2.43,2.38,1.96,1.55,1.32,1.26,1.20,1.20,1.32,1.26,
5.10,4.19,3.67,3.02,2.61,2.35,2.29,2.43,2.17,1.70,
8.39,8.18,7.80,7.42,6.63,6.16,5.60,4.75,3.75,3.26,
5.16,6.39,6.98,7.74,8.09,8.21,8.24,8.30,8.06,7.51,
1.55,1.50,1.58,1.79,2.93,3.93,4.84,5.69,6.83,7.48,
1.29,1.26,1.20,1.35,1.35,1.38,1.38,1.50,1.41,1.61,
2.49,2.29,1.96,1.58,1.44,1.35,1.11,1.17,1.38,1.14,
4.96,4.02,3.46,2.96,2.64,2.35,2.35,2.35,1.96,1.70,
8.45,8.15,7.71,7.24,6.51,5.92,5.28,4.37,3.70,3.11,
5.34,6.57,7.21,7.86,8.09,8.18,8.27,8.15,7.95,7.36,
1.50,1.55,1.67,1.94,3.23,4.11,4.90,5.72,7.01,7.48,
1.29,1.14,1.23,1.20,1.26,1.32,1.26,1.38,1.38,1.55,
2.43,2.11,1.73,1.38,1.35,1.17,1.14,1.32,1.26,1.44,
4.87,3.87,3.31,2.90,2.61,2.38,2.14,2.35,1.94,1.52,
8.45,7.98,7.51,7.01,6.48,5.81,5.13,4.31,3.67,3.20,
5.60,6.77,7.36,7.83,7.98,8.27,8.30,8.21,7.95,7.30,
1.61,1.50,1.70,2.38,3.37,4.28,5.13,6.22,7.07,7.80,
1.20,1.35,1.29,1.32,1.44,1.47,1.38,1.52,1.41,1.76,
2.49,2.14,1.73,1.38,1.44,1.14,1.20,1.26,1.44,1.29,
4.40,3.70,3.14,2.70,2.38,2.26,2.29,2.23,1.96,1.50,
8.42,7.98,7.51,6.86,6.28,5.69,5.19,4.08,3.58,2.93,
5.75,6.92,7.62,7.98,8.18,8.27,8.27,8.18,7.74,7.21,
1.38,1.35,1.52,2.46,3.67,4.55,5.28,6.54,7.16,7.71,
1.20,1.38,1.32,1.23,1.29,1.35,1.32,1.41,1.52,1.85,
2.43,2.14,1.64,1.50,1.29,1.32,1.35,1.32,1.38,1.38,
4.28,3.72,2.99,2.67,2.38,2.38,2.40,2.20,1.88,1.41,
8.33,7.95,7.36,6.80,6.16,5.54,4.99,3.93,3.34,2.76,
6.30,6.98,7.60,7.95,8.18,8.30,8.18,8.09,7.57,7.07,
1.47,1.44,1.73,2.82,3.90,4.78,5.48,6.74,7.33,7.89,
1.23,1.38,1.41,1.29,1.23,1.26,1.50,1.58,1.67,2.08,
2.40,1.96,1.55,1.41,1.29,1.14,1.14,1.11,1.23,1.44,
4.13,3.55,3.05,2.64,2.43,2.32,2.38,2.02,1.58,1.35,
8.33,7.74,7.21,6.60,5.98,5.43,4.69,3.90,3.28,2.73,
6.66,7.36,7.89,7.98,8.18,8.24,8.24,7.95,7.57,6.89,
1.50,1.58,2.11,3.28,4.25,5.13,6.01,7.07,7.60,7.98,
1.32,1.38,1.44,1.32,1.47,1.50,1.47,1.44,1.50,2.46,
2.26,1.85,1.47,1.17,1.26,1.17,1.23,1.14,1.38,1.29,
3.75,3.31,2.76,2.49,2.38,2.35,2.29,1.94,1.55,1.32,
8.06,7.60,7.07,6.48,5.75,5.19,4.37,3.55,3.08,2.58,
6.80,7.39,7.95,8.15,8.27,8.30,8.30,7.89,7.45,6.72,
1.61,1.67,2.32,3.37,4.22,5.13,6.16,7.10,7.68,8.04,
1.20,1.32,1.26,1.29,1.35,1.50,1.44,1.55,1.82,2.76,
2.14,1.73,1.44,1.32,1.29,1.38,1.47,1.32,1.26,1.38,
3.64,3.14,2.73,2.46,2.40,2.43,2.38,1.96,1.47,1.35,
8.06,7.48,6.92,6.25,5.66,4.93,4.11,3.49,2.96,2.49,
6.89,7.62,8.01,8.09,8.24,8.27,8.24,7.71,7.30,6.69,
1.55,1.67,2.73,3.55,4.63,5.28,6.51,7.18,7.83,8.09,
1.29,1.23,1.38,1.38,1.41,1.32,1.47,1.52,2.02,3.02,
2.14,1.64,1.47,1.32,1.23,1.17,1.26,1.41,1.41,1.29,
3.67,3.14,2.70,2.52,2.23,2.26,2.26,1.79,1.41,1.35,
8.06,7.48,6.83,6.36,5.57,4.96,3.81,3.34,2.82,2.73,
7.07,7.74,8.12,8.21,8.39,8.36,8.15,7.74,7.10,6.54,
1.61,1.79,2.96,3.90,4.66,5.48,6.86,7.33,7.95,8.21,
1.26,1.26,1.38,1.44,1.35,1.50,1.44,1.61,2.11,3.28,
1.94,1.67,1.47,1.35,1.17,1.26,1.32,1.23,1.35,1.44,
3.46,3.02,2.55,2.46,2.40,2.35,2.08,1.67,1.38,1.32,
7.86,7.27,6.63,6.07,5.45,4.96,3.87,3.43,2.76,2.58,
7.18,7.86,8.12,8.30,8.24,8.21,8.15,7.51,7.04,6.39,
1.61,1.88,2.84,3.99,4.81,5.40,6.80,7.33,8.04,8.12,
1.38,1.32,1.38,1.44,1.32,1.47,1.44,1.58,2.26,3.40,
1.94,1.41,1.38,1.26,1.03,1.14,1.20,1.44,1.38,1.38,
3.58,2.96,2.52,2.40,2.38,2.40,1.96,1.67,1.26,1.14,
7.74,7.16,6.77,6.10,5.43,4.75,3.87,3.26,2.84,2.73,
7.33,7.98,8.18,8.42,8.33,8.30,8.01,7.48,6.89,6.36,
1.64,2.08,3.23,4.13,5.01,5.95,6.95,7.57,8.18,8.12,
1.26,1.35,1.41,1.41,1.41,1.55,1.47,1.70,2.40,3.40,
2.02,1.67,1.52,1.14,1.20,1.11,1.35,1.26,1.38,1.44,
3.28,2.79,2.70,2.38,2.40,2.46,2.02,1.70,1.38,1.35,
7.74,7.16,6.45,5.87,5.31,4.46,3.87,3.14,2.82,2.55,
7.45,8.06,8.27,8.42,8.42,8.15,8.04,7.39,6.66,6.19,
1.67,2.32,3.43,4.31,5.13,6.07,7.04,7.62,8.06,8.21,
1.23,1.35,1.38,1.35,1.35,1.44,1.44,1.76,2.73,3.75,
1.67,1.32,1.29,1.09,1.23,1.17,1.32,1.32,1.47,1.44,
3.26,2.73,2.58,2.26,2.29,2.40,2.08,1.64,1.38,1.35,
7.62,6.95,6.36,5.92,4.99,4.25,3.55,2.93,2.55,2.43,
7.68,8.04,8.18,8.33,8.33,8.12,7.74,7.36,6.63,6.01,
1.67,2.43,3.52,4.46,5.31,6.51,7.24,7.77,8.18,8.33,
1.47,1.35,1.41,1.52,1.52,1.50,1.58,1.85,2.96,4.08,
1.82,1.50,1.29,1.20,1.38,1.35,1.29,1.32,1.29,1.38,
3.23,2.70,2.49,2.40,2.43,2.26,1.94,1.47,1.23,1.20,
7.51,6.74,6.13,5.54,4.93,4.11,3.46,2.99,2.55,2.32,
7.74,8.01,8.27,8.33,8.30,8.18,7.60,7.13,6.42,5.84,
1.82,2.96,3.87,4.69,5.57,6.80,7.42,7.83,8.18,8.30,
1.44,1.41,1.55,1.52,1.44,1.35,1.52,2.02,3.23,4.16,
1.67,1.38,1.44,1.41,1.26,1.38,1.38,1.35,1.41,1.47,
3.02,2.76,2.52,2.49,2.40,2.11,1.88,1.38,1.23,1.20,
7.27,6.63,6.25,5.51,4.75,3.96,3.31,2.93,2.67,2.40,
7.74,8.09,8.30,8.36,8.30,8.09,7.51,6.92,6.28,5.78,
1.99,3.02,4.05,4.81,5.54,6.72,7.33,7.98,8.09,8.30,
1.26,1.35,1.44,1.44,1.55,1.50,1.58,2.26,3.28,4.28,
1.61,1.23,1.17,1.20,1.14,1.26,1.44,1.41,1.35,1.44,
3.02,2.55,2.43,2.46,2.40,2.17,1.76,1.41,1.20,1.20,
7.30,6.60,6.01,5.40,4.66,3.99,3.37,2.82,2.76,2.46,
7.95,8.09,8.30,8.45,8.33,8.06,7.57,6.89,6.28,5.84,
2.23,3.20,4.11,4.90,5.89,7.10,7.48,8.12,8.24,8.42,
1.38,1.38,1.52,1.38,1.50,1.47,1.55,2.43,3.52,4.46,
1.52,1.29,1.20,1.14,1.47,1.23,1.44,1.26,1.41,1.61,
2.93,2.58,2.40,2.38,2.38,2.08,1.67,1.50,1.23,1.29,
7.18,6.57,5.92,5.43,4.52,3.67,3.05,2.61,2.49,2.26,
7.98,8.12,8.33,8.33,8.27,7.95,7.48,6.74,6.10,5.69,
2.32,3.37,4.43,5.31,6.04,7.07,7.83,8.06,8.30,8.45,
1.38,1.50,1.44,1.50,1.50,1.52,1.61,2.67,3.58,4.60,
1.67,1.35,1.32,1.17,1.23,1.26,1.35,1.32,1.29,1.47,
2.87,2.52,2.40,2.32,2.40,1.99,1.52,1.38,1.20,1.20,
7.07,6.54,6.01,5.37,4.55,3.70,3.26,2.73,2.61,2.26,
8.12,8.21,8.45,8.48,8.39,7.95,7.24,6.77,6.19,5.45,
2.46,3.52,4.37,5.28,6.25,7.04,7.65,8.18,8.30,8.33,
1.50,1.47,1.50,1.50,1.58,1.61,1.85,2.93,3.78,4.63,
1.55,1.38,1.23,1.17,1.55,1.35,1.47,1.26,1.44,1.35,
2.84,2.70,2.43,2.49,2.55,2.02,1.50,1.38,1.14,1.20,
6.98,6.39,5.81,5.16,4.25,3.61,3.08,2.58,2.43,2.32,
8.06,8.18,8.39,8.39,8.30,7.95,7.24,6.72,6.13,5.51,
2.64,3.67,4.55,5.37,6.33,7.18,7.77,8.12,8.39,8.50,
1.41,1.47,1.58,1.50,1.47,1.58,1.79,2.99,3.93,4.87,
1.50,1.47,1.26,1.32,1.38,1.50,1.47,1.38,1.50,1.52,
2.90,2.70,2.32,2.35,2.46,1.88,1.55,1.38,1.20,1.26,
7.07,6.48,5.78,5.13,4.31,3.64,3.11,2.70,2.58,2.38,
7.98,8.24,8.42,8.42,8.24,7.92,7.30,6.77,6.10,5.57,
2.52,3.49,4.55,5.43,6.66,7.24,7.95,8.24,8.42,8.53,
1.38,1.47,1.41,1.50,1.50,1.50,1.91,2.96,3.99,4.81,
1.55,1.23,1.35,1.14,1.50,1.41,1.50,1.47,1.58,1.61,
2.79,2.67,2.49,2.43,2.35,1.88,1.50,1.38,1.38,1.23,
7.04,6.28,5.81,5.25,4.19,3.61,3.11,2.84,2.61,2.58,
8.21,8.39,8.36,8.39,8.21,7.83,7.24,6.57,6.07,5.40,
2.90,3.81,4.75,5.37,6.86,7.42,7.92,8.24,8.42,8.33,
1.52,1.58,1.58,1.58,1.61,1.55,2.08,3.28,4.19,5.01,
1.50,1.20,1.26,1.41,1.44,1.47,1.50,1.47,1.67,1.55,
2.79,2.58,2.43,2.55,2.29,1.94,1.50,1.38,1.38,1.38,
6.92,6.22,5.48,4.90,3.90,3.55,2.90,2.73,2.40,2.49,
8.21,8.42,8.45,8.30,8.12,7.68,6.98,6.42,5.98,5.16,
3.28,4.22,4.93,5.87,7.01,7.54,8.09,8.24,8.36,8.30,
1.44,1.55,1.44,1.47,1.55,1.58,2.46,3.64,4.46,5.25,
1.52,1.38,1.41,1.38,1.35,1.44,1.44,1.61,1.52,1.61,
2.70,2.52,2.46,2.43,2.11,1.73,1.38,1.35,1.17,1.26,
6.74,5.98,5.40,4.55,3.70,3.23,2.73,2.61,2.61,2.61,
8.33,8.48,8.39,8.24,8.06,7.54,6.95,6.30,5.78,5.13,
3.55,4.37,5.13,6.10,7.10,7.71,8.09,8.27,8.50,8.48,
1.44,1.64,1.38,1.55,1.44,1.85,2.79,3.70,4.72,5.43,
1.44,1.38,1.47,1.35,1.58,1.50,1.58,1.55,1.67,1.52,
2.76,2.43,2.35,2.46,2.11,1.67,1.44,1.26,1.38,1.20,
6.42,5.92,5.16,4.31,3.78,3.14,2.82,2.58,2.49,2.49,
8.27,8.33,8.42,8.30,7.92,7.33,6.83,6.19,5.54,4.78,
3.70,4.63,5.48,6.66,7.33,8.09,8.30,8.36,8.42,8.42,
1.52,1.52,1.55,1.64,1.67,2.11,3.11,4.13,4.93,5.75,
1.61,1.41,1.50,1.47,1.55,1.50,1.50,1.58,1.50,1.50,
2.73,2.46,2.49,2.26,2.05,1.67,1.32,1.35,1.29,1.38,
6.39,5.89,5.13,4.02,3.55,3.11,2.79,2.61,2.43,2.43,
8.27,8.33,8.42,8.24,7.83,7.18,6.54,6.13,5.34,4.69,
3.81,4.55,5.25,6.57,7.39,7.95,8.18,8.53,8.42,8.48,
1.52,1.44,1.50,1.47,1.52,2.08,3.26,4.22,5.04,6.01,
1.32,1.29,1.29,1.32,1.35,1.47,1.41,1.52,1.50,1.47,
2.58,2.35,2.52,2.20,1.85,1.47,1.44,1.32,1.32,1.29,
6.36,5.66,4.93,4.08,3.46,3.05,2.70,2.58,2.43,2.55,
8.39,8.45,8.48,8.12,7.65,7.01,6.42,5.89,5.25,4.16,
4.28,5.10,5.98,7.07,7.77,8.15,8.39,8.27,8.39,8.39,
1.38,1.50,1.50,1.47,1.73,2.61,3.58,4.57,5.37,6.39,
1.47,1.47,1.38,1.41,1.52,1.44,1.38,1.58,1.52,1.64,
2.46,2.55,2.52,2.20,1.73,1.50,1.50,1.32,1.41,1.38,
6.16,5.31,4.49,3.81,3.40,3.02,2.82,2.61,2.67,2.43,
8.50,8.48,8.30,8.15,7.57,6.77,6.36,5.66,5.04,4.02,
4.31,5.25,6.13,7.13,7.71,8.30,8.30,8.48,8.39,8.42,
1.55,1.70,1.67,1.61,1.85,2.96,3.93,4.75,5.48,6.83,
1.44,1.44,1.41,1.47,1.44,1.41,1.52,1.44,1.61,1.55,
2.52,2.49,2.58,2.11,1.79,1.55,1.38,1.38,1.32,1.23,
6.04,5.28,4.28,3.72,3.14,2.70,2.61,2.46,2.61,2.38,
8.50,8.53,8.42,8.04,7.51,6.77,6.30,5.54,4.78,3.96,
4.75,5.40,6.54,7.21,7.92,8.15,8.33,8.33,8.39,8.12,
1.55,1.50,1.58,1.58,2.02,3.14,4.05,4.99,5.51,6.92,
1.35,1.44,1.47,1.67,1.67,1.61,1.41,1.50,1.58,1.64,
2.35,2.55,2.40,1.91,1.61,1.50,1.29,1.38,1.44,1.47,
5.84,5.28,4.25,3.75,3.17,2.82,2.58,2.46,2.49,2.23,
8.36,8.45,8.24,7.83,7.30,6.74,5.95,5.31,4.57,3.72,
4.78,5.54,6.92,7.39,8.06,8.24,8.42,8.45,8.53,8.18,
1.58,1.67,1.58,1.64,2.14,3.23,4.25,5.04,5.95,7.04,
1.44,1.47,1.41,1.55,1.50,1.55,1.67,1.55,1.58,1.52,
2.49,2.52,2.32,1.88,1.61,1.52,1.32,1.47,1.44,1.41,
5.54,4.93,4.02,3.46,2.82,2.73,2.67,2.55,2.61,2.29,
8.48,8.27,8.15,7.60,7.07,6.51,5.81,5.22,4.28,3.72,
4.99,5.69,7.01,7.65,8.09,8.39,8.42,8.53,8.27,8.04,
1.64,1.61,1.70,1.82,2.43,3.52,4.46,5.25,6.39,7.18,
1.50,1.38,1.52,1.52,1.52,1.58,1.61,1.67,1.58,1.70,
2.49,2.52,2.26,1.91,1.50,1.41,1.41,1.32,1.47,1.50,
5.69,4.78,4.05,3.43,2.99,2.67,2.38,2.55,2.55,2.20,
8.50,8.48,8.09,7.65,7.04,6.51,5.87,5.28,4.28,3.75,
5.01,5.95,7.13,7.83,8.30,8.48,8.48,8.50,8.42,7.86,
1.55,1.70,1.67,1.96,2.90,3.75,4.55,5.40,6.77,7.48,
1.52,1.58,1.55,1.38,1.47,1.52,1.61,1.55,1.79,1.67,
2.64,2.55,2.08,1.79,1.55,1.41,1.35,1.47,1.35,1.35,
5.16,4.43,3.72,3.26,2.82,2.79,2.61,2.49,2.49,2.11,
8.42,8.33,8.09,7.42,6.86,6.30,5.69,4.99,4.13,3.61,
5.54,6.57,7.18,7.98,8.33,8.48,8.39,8.45,8.30,7.86,
1.67,1.64,1.73,1.99,3.17,4.11,4.93,5.66,6.95,7.48,
1.41,1.44,1.47,1.47,1.52,1.64,1.64,1.61,1.64,1.76,
2.64,2.55,2.11,1.64,1.35,1.47,1.26,1.26,1.38,1.44,
5.28,4.37,3.72,3.28,2.84,2.58,2.55,2.49,2.11,1.91,
8.42,8.30,7.95,7.30,6.66,6.13,5.40,4.66,3.93,3.26,
5.66,6.98,7.57,8.06,8.48,8.39,8.48,8.50,8.30,7.80,
1.61,1.64,1.82,2.17,3.49,4.37,5.10,6.07,7.01,7.71,
1.38,1.55,1.55,1.58,1.61,1.47,1.67,1.61,1.70,1.79,
2.64,2.11,1.99,1.44,1.44,1.44,1.44,1.44,1.52,1.55,
5.04,4.19,3.67,3.05,2.76,2.61,2.58,2.55,2.20,1.73,
8.56,8.24,7.74,7.21,6.63,5.92,5.31,4.49,3.78,3.31,
5.92,7.13,7.77,8.09,8.39,8.45,8.45,8.45,8.04,7.51,
1.67,1.64,1.85,2.67,3.67,4.46,5.40,6.48,7.21,7.86,
1.58,1.58,1.61,1.67,1.64,1.79,1.58,1.67,1.64,2.11,
2.70,2.17,1.85,1.52,1.50,1.32,1.44,1.41,1.55,1.52,
4.69,3.96,3.43,3.02,2.82,2.67,2.61,2.55,2.08,1.73,
8.39,8.15,7.54,7.04,6.39,5.78,5.25,4.19,3.64,3.11,
6.36,7.27,7.86,8.42,8.50,8.71,8.59,8.33,7.89,7.27,
1.64,1.70,1.94,2.84,3.84,4.93,5.51,6.92,7.54,8.04,
1.50,1.73,1.50,1.64,1.67,1.70,1.67,1.76,1.73,2.23,
2.73,2.17,1.76,1.64,1.44,1.32,1.41,1.35,1.50,1.41,
4.43,3.90,3.34,2.90,2.64,2.58,2.55,2.38,1.94,1.70,
8.42,7.95,7.54,6.89,6.36,5.75,5.10,4.16,3.55,3.02,
6.69,7.24,7.98,8.30,8.50,8.50,8.56,8.33,7.98,7.24,
1.70,1.73,2.11,3.20,4.05,4.93,5.72,6.95,7.62,8.12,
1.55,1.61,1.67,1.73,1.61,1.73,1.73,1.88,1.91,2.52,
2.49,2.20,1.79,1.55,1.44,1.58,1.47,1.47,1.55,1.55,
4.28,3.78,3.23,2.82,2.70,2.76,2.73,2.38,1.96,1.55,
8.42,7.89,7.36,6.66,6.19,5.60,4.75,3.99,3.49,2.93,
6.86,7.62,8.30,8.53,8.59,8.68,8.65,8.27,7.86,7.18,
1.58,1.70,2.40,3.40,4.28,5.22,6.13,7.04,7.80,8.21,
1.70,1.70,1.61,1.61,1.67,1.82,1.73,1.67,1.82,2.67,
2.35,1.88,1.64,1.52,1.52,1.35,1.44,1.55,1.52,1.64,
4.13,3.55,3.08,2.84,2.73,2.58,2.79,2.29,2.02,1.67,
8.33,7.74,7.18,6.63,6.07,5.28,4.49,3.93,3.28,2.84,
7.18,7.92,8.27,8.45,8.48,8.68,8.56,8.18,7.71,7.04,
1.82,1.85,2.73,3.61,4.63,5.48,6.57,7.21,7.98,8.30,
1.61,1.55,1.61,1.61,1.73,1.85,1.79,1.94,2.05,3.11,
2.38,2.08,1.73,1.61,1.52,1.44,1.41,1.67,1.52,1.44,
4.19,3.40,2.99,2.90,2.46,2.55,2.64,2.11,1.79,1.55,
8.33,7.77,7.24,6.66,6.01,5.37,4.22,3.78,3.17,2.82,
7.30,7.95,8.45,8.45,8.71,8.74,8.45,8.01,7.39,6.83,
1.79,1.91,2.90,3.93,4.84,5.69,6.92,7.54,8.04,8.39,
1.76,1.79,1.82,1.67,1.70,1.73,1.76,1.73,2.46,3.49,
2.20,1.79,1.52,1.52,1.41,1.47,1.52,1.61,1.58,1.55,
4.05,3.34,2.96,2.82,2.70,2.73,2.38,2.08,1.79,1.47,
8.21,7.60,7.01,6.39,5.75,4.90,4.13,3.52,3.14,2.87,
7.54,8.06,8.36,8.68,8.62,8.77,8.48,8.06,7.39,6.86,
1.79,2.38,3.37,4.22,5.25,5.92,7.18,7.83,8.33,8.50,
1.73,1.58,1.61,1.70,1.82,1.76,1.70,1.94,2.76,3.96,
2.29,1.96,1.82,1.58,1.55,1.67,1.64,1.73,1.64,1.67,
3.78,3.34,3.08,2.76,2.84,2.87,2.49,2.14,1.79,1.76,
8.09,7.51,6.83,6.30,5.57,4.60,4.02,3.49,3.14,2.96,
7.89,8.42,8.59,8.89,8.77,8.83,8.27,7.86,7.16,6.63,
2.02,2.67,3.75,4.84,5.66,6.83,7.48,8.06,8.50,8.65,
2.02,1.96,1.94,1.88,1.79,1.82,2.02,2.23,3.23,4.22,
2.11,1.91,1.76,1.61,1.67,1.76,1.70,1.85,1.85,1.91,
3.84,3.43,3.23,3.02,2.87,2.93,2.32,2.20,1.85,1.73,
7.95,7.33,6.74,6.30,5.66,4.72,4.05,3.64,3.17,3.11,
8.30,8.74,8.83,8.74,8.91,8.80,8.48,7.86,7.07,6.60,
2.35,3.28,4.28,5.19,5.89,7.16,7.83,8.36,8.65,8.80,
1.96,1.88,1.96,2.05,2.02,2.11,2.08,2.64,3.75,4.69,
2.26,2.08,1.91,1.94,1.91,1.85,2.02,1.99,2.14,1.99,
3.84,3.46,3.40,3.23,3.11,2.90,2.46,2.35,2.11,2.02,
8.09,7.51,6.95,6.36,5.72,4.81,4.11,3.70,3.31,3.17,
8.56,8.83,8.97,9.33,9.15,9.06,8.59,8.15,7.42,6.86,
2.64,3.67,4.49,5.43,6.22,7.60,8.15,8.83,8.94,8.97,
2.23,2.35,2.43,2.43,2.55,2.61,2.67,2.96,4.16,4.96,
2.55,2.23,2.35,2.20,2.32,2.23,2.32,2.35,2.46,2.49,
4.19,3.70,3.49,3.43,3.49,3.31,2.96,2.49,2.49,2.32,
8.36,7.86,7.30,6.60,6.07,5.19,4.52,4.13,3.75,3.64,
9.09,9.38,9.53,9.59,9.41,9.27,8.86,8.30,7.77,7.16,
3.23,4.31,5.10,5.95,6.66,8.04,8.71,9.18,9.50,9.59,
2.73,2.73,2.79,2.87,3.02,3.05,3.02,3.70,4.69,5.54,
3.11,2.82,2.79,2.55,2.58,2.67,2.87,2.79,2.87,2.76,
4.55,4.25,3.99,4.11,4.02,3.84,3.37,3.05,2.93,2.70,
8.80,8.24,7.60,7.01,6.36,5.51,4.90,4.43,4.16,3.99,
9.65,9.85,10.00,10.09,9.88,9.71,9.21,8.50,8.12,7.33,
4.11,5.07,5.98,6.92,7.89,8.77,9.50,9.85,10.03,10.12,
3.46,3.49,3.46,3.49,3.55,3.49,3.75,4.72,5.63,6.54,
3.46,3.31,3.28,3.26,3.31,3.34,3.49,3.40,3.34,3.55,
4.96,4.84,4.57,4.69,4.49,4.19,3.72,3.58,3.55,3.43,
9.06,8.33,7.80,7.07,6.19,5.60,5.25,4.90,4.78,4.75,
10.44,10.53,10.59,10.50,10.38,9.79,9.06,8.62,7.92,7.36,
5.72,6.77,7.42,8.45,9.27,10.09,10.44,10.73,10.56,10.70,
4.08,4.05,4.05,3.99,4.19,4.72,5.84,6.77,7.68,8.56,
3.87,4.02,4.05,3.99,3.99,4.02,4.05,4.08,4.08,4.19,
5.34,5.04,5.16,4.99,4.60,4.19,4.13,3.96,4.11,4.19,
8.83,8.24,7.42,6.51,6.07,5.63,5.43,5.19,5.22,5.25,
11.23,11.26,11.35,10.65,10.26,9.41,8.97,8.30,7.62,6.89,
7.48,8.36,9.68,10.35,10.97,11.14,11.32,11.32,11.14,10.73,
4.69,4.78,4.81,5.01,6.07,7.07,7.89,8.65,9.97,10.65,
4.75,4.75,4.78,4.72,4.78,4.75,4.75,4.72,4.81,4.99,
5.95,5.81,5.43,5.07,4.99,4.75,4.63,4.87,4.72,4.90,
8.48,7.45,6.95,6.57,6.28,6.07,5.92,6.07,5.63,5.40,
12.08,11.82,11.11,10.59,9.91,9.35,8.48,7.62,7.18,6.69,
9.79,10.76,11.38,11.85,11.88,11.94,11.94,11.55,11.00,10.35,
5.63,5.75,6.69,7.51,8.50,9.30,10.50,11.09,11.70,12.02,
5.48,5.51,5.54,5.57,5.54,5.43,5.57,5.63,6.36,7.45,
6.10,5.72,5.75,5.43,5.45,5.57,5.60,5.69,5.66,5.48,
7.68,7.30,6.83,6.74,6.69,6.77,6.36,6.07,5.66,5.60,
12.05,11.35,10.76,9.97,9.35,8.30,7.77,7.36,7.10,6.92,
12.14,12.61,12.61,12.79,12.73,12.40,11.85,11.20,10.47,9.88,
7.51,8.36,9.24,9.85,11.35,11.91,12.76,12.73,13.05,13.05,
6.28,6.33,6.33,6.33,6.33,6.72,7.68,8.48,9.41,10.21,
6.48,6.45,6.45,6.51,6.33,6.45,6.54,6.57,6.36,6.51,
7.65,7.51,7.54,7.33,7.10,6.66,6.57,6.39,6.28,6.30,
11.35,10.62,10.06,9.06,8.45,8.15,8.01,7.71,7.83,7.65,
13.64,13.55,13.52,13.05,12.43,11.79,11.06,10.50,9.59,8.89,
10.50,11.41,12.52,13.20,13.70,13.87,13.64,13.72,13.26,12.73,
7.13,7.24,7.51,8.36,9.27,10.09,10.97,12.43,12.96,13.46,
7.16,7.18,7.21,7.21,7.39,7.45,7.27,7.24,7.51,8.39,
8.09,7.65,7.48,7.42,7.33,7.24,7.39,7.36,7.30,7.36,
10.03,9.35,9.00,8.86,8.48,8.48,8.39,8.09,7.77,7.54,
14.28,13.58,12.82,12.29,11.38,10.53,9.88,9.27,8.94,8.83,
13.90,14.40,14.72,14.81,14.78,14.43,14.02,13.34,12.49,12.02,
9.15,10.15,11.03,11.82,13.31,13.87,14.40,14.75,14.69,14.72,
8.36,8.21,8.24,8.27,8.27,8.80,9.77,10.85,11.67,12.67,
8.21,8.21,8.24,8.21,8.21,8.30,8.36,8.27,8.45,8.48,
9.65,9.44,9.47,9.18,8.91,8.65,8.36,8.48,8.36,8.48,
13.14,12.35,11.47,10.70,10.29,9.97,9.62,9.62,9.65,9.27,
15.72,15.69,15.48,14.84,14.13,13.46,13.02,12.26,11.03,10.65,
13.02,14.31,15.01,15.48,15.57,15.87,15.66,15.57,15.01,14.16,
9.21,9.33,10.23,11.23,12.20,13.08,14.55,15.16,15.60,15.98,
9.12,9.24,9.18,9.24,9.33,9.38,9.30,9.62,10.53,11.64,
9.79,9.47,9.44,9.41,9.50,9.44,9.53,9.50,9.65,9.56,
11.23,10.88,10.79,10.47,10.73,10.29,9.79,9.65,9.53,9.56,
15.25,14.46,13.84,13.08,12.23,11.61,11.23,10.88,10.76,10.79,
16.57,16.74,16.57,16.39,15.95,15.16,14.66,13.87,13.02,12.17,
13.34,14.13,15.57,16.01,16.51,16.89,16.86,16.89,16.48,15.92,
10.38,10.29,10.47,11.64,12.55,13.58,14.52,15.69,16.36,16.69,
10.44,10.38,10.35,10.53,10.38,10.56,10.53,10.85,12.02,12.99,
10.73,10.62,10.50,10.29,10.35,10.59,10.44,10.50,10.56,10.56,
12.14,11.70,11.82,11.82,11.23,11.00,10.76,10.47,10.65,10.62,
15.25,14.46,13.52,12.90,12.49,12.17,11.85,11.94,11.76,11.35,
17.98,17.80,17.16,16.72,15.98,15.28,14.75,13.64,12.84,12.61,
16.39,16.95,17.57,17.89,18.01,17.86,17.83,17.18,16.54,15.95,
11.61,12.29,13.49,14.34,15.13,16.57,17.36,17.95,17.98,18.24,
11.64,11.55,11.47,11.58,11.61,11.73,12.70,13.64,14.66,15.43,
11.67,11.70,11.82,11.64,11.85,11.82,11.70,11.96,11.70,11.73,
12.99,12.99,12.52,12.17,11.91,11.70,11.73,11.82,11.79,11.91,
15.34,14.28,13.64,13.49,13.17,13.05,13.11,12.58,12.32,11.94,
18.53,17.98,17.33,16.74,16.04,15.19,14.37,13.87,13.52,13.26,
18.71,18.83,19.06,19.15,19.15,18.77,18.09,17.33,16.74,16.16,
14.08,15.01,16.04,17.18,18.04,18.80,19.24,19.21,19.27,19.30,
12.76,12.67,12.70,12.96,13.23,14.37,15.31,16.39,17.68,18.30,
12.76,12.76,12.79,12.76,12.79,12.76,12.90,12.87,12.82,13.40,
14.11,13.43,13.28,13.14,12.93,12.90,13.05,12.96,13.11,13.08,
15.10,14.57,14.31,14.22,14.05,14.02,13.67,13.26,13.14,12.93,
19.00,18.24,17.42,16.89,15.95,15.16,14.78,14.55,14.16,14.52,
20.12,20.32,20.15,20.15,19.53,18.77,18.24,17.62,16.86,15.92,
16.80,17.57,18.89,19.65,20.18,20.23,20.56,20.38,20.23,19.79,
13.90,14.02,13.99,14.93,15.81,16.89,17.80,19.12,19.71,20.29,
14.05,13.90,14.11,14.13,14.02,14.11,14.22,14.25,15.28,16.25,
14.46,14.19,14.02,14.05,14.16,14.16,14.22,14.22,14.13,14.28,
15.75,15.48,15.40,15.37,15.19,14.66,14.46,14.40,14.34,14.28,
19.18,18.53,17.54,16.74,16.16,15.84,15.66,15.48,15.63,15.19,
21.50,21.41,21.11,20.38,19.79,19.06,18.39,17.51,16.77,16.19,
19.68,20.32,21.20,21.52,21.58,21.73,21.58,21.00,20.65,19.77,
15.28,15.69,16.77,17.80,18.86,19.97,20.59,21.32,21.61,21.79,
15.22,15.10,15.22,15.28,15.07,15.28,15.92,16.95,18.04,18.77,
15.45,15.16,15.43,15.25,15.31,15.40,15.31,15.43,15.25,15.48,
16.54,16.48,16.39,16.01,15.51,15.51,15.43,15.25,15.40,15.45,
19.15,18.09,17.62,16.95,16.83,16.74,16.69,16.42,16.04,15.69,
22.40,21.88,21.26,20.47,19.85,19.00,18.06,17.60,17.16,16.98,
21.96,22.46,22.70,22.96,22.76,22.52,21.85,21.23,20.73,19.88,
17.13,18.30,19.15,19.97,21.52,22.08,22.52,22.70,22.82,22.82,
16.25,16.13,16.13,16.45,16.48,17.51,18.36,19.38,20.53,21.61,
16.19,16.28,16.33,16.22,16.30,16.33,16.33,16.45,16.48,16.60,
17.57,17.16,16.54,16.57,16.51,16.45,16.33,16.28,16.42,16.45,
18.62,18.04,17.83,17.42,17.48,17.45,16.98,16.66,16.45,16.36,
22.40,21.73,21.14,20.44,19.44,18.65,18.21,17.68,17.65,17.71,
23.37,23.46,23.55,23.49,22.99,22.29,21.76,21.11,20.21,19.33,
19.74,20.35,21.64,22.67,23.23,23.64,23.58,23.64,23.55,22.90,
17.04,16.92,17.10,17.51,18.80,19.77,20.53,22.02,22.70,23.23,
17.04,17.01,16.86,16.95,17.10,16.95,16.98,17.07,17.86,18.91,
17.45,17.13,17.01,16.92,16.77,16.95,16.83,16.86,17.13,16.92,
18.56,18.18,17.98,18.12,17.83,17.33,17.13,16.86,16.80,17.07,
21.79,21.14,20.26,19.38,18.74,18.33,18.18,17.92,18.18,17.83,
23.90,23.84,23.61,23.05,22.46,21.73,21.06,20.15,19.47,18.80,
21.29,22.58,23.28,23.70,23.99,23.99,23.96,23.70,23.05,22.40,
17.48,17.51,18.74,19.62,20.53,21.73,22.58,23.37,23.84,23.84,
17.27,17.24,17.42,17.27,17.39,17.21,17.51,18.89,19.71,20.70,
17.39,17.30,17.27,17.27,17.33,17.30,17.24,17.45,17.33,17.27,
18.36,18.30,18.30,17.89,17.42,17.33,17.18,17.27,17.24,17.16,
21.03,20.00,19.47,18.83,18.62,18.36,18.48,18.21,17.89,17.60,
24.11,23.72,22.93,22.23,21.70,21.03,19.88,19.35,18.77,18.50,
23.40,23.99,24.11,24.40,24.28,24.08,23.52,23.02,22.23,21.52,
18.33,19.30,20.41,21.14,22.55,23.14,23.70,24.02,24.02,24.13,
17.54,17.45,17.45,17.60,17.57,18.42,19.24,20.65,21.41,22.79,
17.33,17.24,17.51,17.30,17.48,17.60,17.57,17.45,17.62,17.65,
18.59,18.15,17.83,17.62,17.36,17.39,17.42,17.42,17.48,17.48,
19.71,19.21,18.74,18.53,18.42,18.48,18.15,17.77,17.45,17.42,
23.52,22.70,22.14,21.35,20.59,19.71,19.15,18.89,18.53,18.50,
24.08,24.16,24.25,24.19,23.81,23.31,22.61,21.88,21.32,20.38,
20.15,21.17,22.14,23.17,23.87,24.08,24.08,24.28,24.16,23.72,
17.65,17.54,17.42,17.98,19.09,20.12,21.17,22.35,22.99,23.72,
17.54,17.45,17.62,17.48,17.45,17.62,17.51,17.74,18.27,19.15,
18.15,17.60,17.60,17.45,17.39,17.54,17.54,17.48,17.57,17.60,
18.94,18.74,18.50,18.42,18.27,17.86,17.60,17.62,17.48,17.45,
22.35,21.67,20.94,19.94,19.33,18.94,18.59,18.48,18.42,18.04,
24.49,24.19,24.13,23.81,22.93,22.29,21.55,20.79,19.91,19.18,
21.61,22.96,23.49,23.99,24.16,24.19,24.22,24.05,23.43,22.84,
17.68,17.71,18.83,19.77,20.88,21.91,22.90,23.64,24.16,24.13,
17.51,17.48,17.42,17.54,17.45,17.60,17.83,18.89,19.79,20.88,
17.57,17.45,17.45,17.48,17.54,17.60,17.51,17.65,17.71,17.60,
18.62,18.42,18.62,18.06,17.57,17.45,17.30,17.39,17.42,17.39,
21.17,20.38,19.68,19.12,18.80,18.48,18.45,18.59,17.98,17.57,
24.31,23.81,23.17,22.58,21.88,21.26,20.23,19.44,19.00,18.77,
23.14,23.99,24.28,24.31,24.43,24.25,23.81,23.14,22.32,21.91,
18.15,19.30,20.32,21.17,22.67,23.23,23.96,24.28,24.16,24.13,
17.74,17.54,17.57,17.62,17.68,18.48,19.47,20.50,21.50,22.70,
17.45,17.51,17.45,17.60,17.60,17.51,17.48,17.65,17.48,17.77,
18.65,18.36,18.04,17.45,17.45,17.51,17.45,17.60,17.51,17.60,
19.88,19.21,18.71,18.68,18.45,18.50,18.24,17.74,17.57,17.30,
23.58,22.93,22.11,21.44,20.65,19.77,19.09,18.77,18.45,18.59,
24.13,24.19,24.37,24.34,23.81,23.34,22.70,22.02,21.29,20.32,
20.06,21.06,22.17,22.96,23.90,24.22,24.46,24.28,24.34,23.90,
17.60,17.54,17.51,17.83,19.15,20.09,21.06,22.11,22.93,23.90,
17.65,17.42,17.54,17.60,17.42,17.60,17.62,17.48,18.18,19.24,
18.06,17.65,17.51,17.45,17.27,17.45,17.39,17.39,17.45,17.39,
19.12,18.80,18.65,18.39,18.50,17.83,17.71,17.60,17.27,17.48,
22.40,21.82,21.17,20.03,19.47,18.97,18.62,18.53,18.39,18.27,
24.31,24.25,24.16,23.61,23.11,22.40,21.52,20.91,20.09,19.56,
21.26,22.70,23.37,23.93,24.13,24.22,24.16,24.05,23.55,22.87,
17.57,17.68,18.42,19.65,20.47,21.17,22.70,23.46,23.84,24.19,
17.51,17.36,17.60,17.54,17.48,17.57,17.68,18.56,19.74,20.76,
17.71,17.42,17.21,17.48,17.45,17.27,17.39,17.45,17.60,17.54,
18.48,18.36,18.53,18.06,17.68,17.54,17.39,17.33,17.39,17.33,
21.35,20.38,19.68,19.06,18.71,18.48,18.39,18.50,18.09,17.54,
24.37,23.90,23.34,22.52,21.91,21.09,20.26,19.56,18.97,18.71,
23.14,23.81,24.13,24.31,24.19,24.22,23.70,23.17,22.52,21.85,
18.04,19.06,20.06,21.11,22.35,22.93,23.84,23.96,24.11,24.25,
17.51,17.42,17.57,17.57,17.74,18.12,19.24,20.35,21.03,22.43,
17.42,17.30,17.24,17.45,17.30,17.48,17.57,17.48,17.60,17.57,
18.50,18.30,17.86,17.71,17.39,17.39,17.33,17.33,17.39,17.27,
19.88,19.30,18.74,18.50,18.42,18.39,18.09,17.71,17.39,17.42,
23.58,22.64,22.17,21.50,20.65,19.79,19.12,18.68,18.56,18.33,
23.93,24.22,24.08,24.16,24.02,23.40,22.61,21.99,21.20,20.41,
19.85,20.73,21.61,22.90,23.52,23.96,24.13,24.22,24.28,23.70,
17.54,17.57,17.48,17.77,18.94,19.97,20.85,21.88,22.84,23.58,
17.42,17.36,17.48,17.48,17.57,17.42,17.36,17.48,17.89,19.06,
17.98,17.54,17.48,17.33,17.16,17.30,17.42,17.24,17.36,17.30,
19.03,18.77,18.36,18.27,18.30,17.86,17.65,17.45,17.18,17.36,
22.26,21.67,21.03,19.94,19.35,18.83,18.56,18.42,18.45,18.06,
24.31,24.28,23.93,23.64,22.87,22.20,21.70,20.85,19.85,19.47,
21.14,22.55,23.37,23.75,24.16,24.16,24.08,23.93,23.37,22.73,
17.57,17.62,18.45,19.50,20.56,21.29,22.70,23.37,23.87,24.05,
17.42,17.42,17.39,17.39,17.39,17.45,17.65,18.45,19.56,20.59,
17.48,17.24,17.21,17.33,17.48,17.33,17.42,17.45,17.33,17.51,
18.45,18.30,18.36,17.95,17.54,17.33,17.18,17.13,17.33,17.30,
21.20,20.32,19.50,19.18,18.59,18.56,18.42,18.36,18.01,17.45,
24.16,23.72,23.02,22.49,21.94,21.00,20.12,19.41,18.91,18.65,
23.08,23.84,23.93,24.13,24.11,24.02,23.64,22.93,22.40,21.79,
17.98,19.06,20.23,21.03,22.26,23.02,23.64,23.84,24.13,24.11,
17.57,17.36,17.27,17.60,17.51,18.24,19.41,20.35,21.11,22.49,
17.33,17.21,17.16,17.36,17.30,17.21,17.39,17.45,17.33,17.54,
18.36,18.01,17.74,17.33,17.21,17.16,17.18,17.30,17.42,17.18,
19.79,19.21,18.56,18.56,18.42,18.27,18.06,17.65,17.33,17.21,
23.43,22.52,22.02,21.32,20.41,19.56,19.09,18.62,18.48,18.24,
23.75,24.11,24.08,24.05,23.72,23.17,22.43,21.88,21.20,20.21,
19.71,20.56,21.61,22.64,23.61,23.78,24.05,24.08,23.93,23.49,
17.36,17.45,17.27,17.62,18.91,19.77,20.88,21.88,22.87,23.49,
17.33,17.33,17.33,17.27,17.36,17.33,17.33,17.30,17.83,19.00,
17.92,17.39,17.16,17.18,17.16,17.21,17.24,17.24,17.33,17.24,
18.97,18.59,18.18,18.39,18.24,17.62,17.39,17.27,17.07,17.18,
22.20,21.61,21.00,19.97,19.15,18.71,18.48,18.12,18.27,18.06,
23.96,24.02,23.90,23.46,22.64,22.23,21.38,20.70,19.74,19.21,
21.06,22.32,23.05,23.55,23.84,24.05,23.87,23.78,23.23,22.49,
17.51,17.51,18.42,19.33,20.41,21.03,22.58,23.34,23.75,24.02,
17.30,17.45,17.30,17.30,17.30,17.36,17.48,18.30,19.41,20.26,
17.48,17.24,17.07,17.24,17.33,17.16,17.24,17.21,17.16,17.39,
18.48,18.30,18.18,17.89,17.39,17.16,17.18,17.13,17.13,17.10,
21.26,20.29,19.38,18.97,18.62,18.24,18.24,18.30,17.80,17.60,
24.02,23.75,23.11,22.40,21.73,21.00,20.29,19.53,18.71,18.45,
22.67,23.43,23.84,24.02,23.93,23.87,23.58,22.90,22.32,21.64,
17.65,18.74,19.82,20.65,21.99,22.87,23.55,23.84,23.96,24.08,
17.36,17.21,17.24,17.45,17.36,17.95,18.91,20.03,20.97,22.23,
17.10,17.21,17.18,17.10,17.27,17.33,17.21,17.21,17.27,17.39,
18.24,17.98,17.65,17.33,17.13,17.07,17.21,17.13,17.18,17.13,
19.71,19.18,18.53,18.48,18.21,18.15,18.06,17.65,17.30,17.10,
23.43,22.61,21.96,21.47,20.70,19.53,19.12,18.53,18.24,18.15,
23.55,23.87,24.05,23.90,23.70,23.20,22.55,21.94,21.17,20.32,
19.56,20.47,21.11,22.61,23.20,23.72,23.90,23.93,23.67,23.64,
17.27,17.21,17.27,17.54,18.36,19.50,20.50,21.41,22.64,23.37,
17.16,17.07,17.27,17.24,17.18,17.33,17.30,17.21,17.54,18.74,
17.71,17.45,17.21,17.04,17.04,17.21,17.10,17.18,17.21,17.04,
18.91,18.42,18.27,18.27,18.21,17.83,17.21,17.21,17.13,16.92,
22.26,21.67,20.82,19.94,19.12,18.65,18.27,18.18,18.24,18.06,
23.90,23.96,23.90,23.52,22.84,22.14,21.52,20.70,19.82,19.18,
20.82,22.11,22.93,23.55,23.49,23.81,23.81,23.70,23.20,22.61,
17.39,17.39,17.98,18.91,20.15,21.00,22.43,23.08,23.55,23.78,
17.13,17.13,17.16,17.27,17.27,17.13,17.24,18.09,19.18,20.12,
17.36,17.07,17.04,17.04,17.18,17.27,17.07,17.04,17.13,17.30,
18.21,18.09,18.21,17.80,17.42,17.24,17.04,16.89,16.98,17.10,
21.29,20.62,19.47,19.03,18.56,18.21,18.21,18.06,17.86,17.48,
23.93,23.75,23.05,22.40,21.79,21.03,20.21,19.47,18.77,18.36,
22.52,23.11,23.64,23.87,23.87,23.81,23.61,22.90,22.35,21.58,
17.48,18.56,19.44,20.50,21.55,22.61,23.26,23.70,23.78,23.90,
17.30,17.30,17.21,17.16,17.21,17.60,18.68,19.68,20.56,21.70,
17.07,16.95,17.07,16.95,17.10,17.13,17.07,17.13,17.27,17.18,
18.27,18.33,17.74,17.33,17.24,16.89,16.95,17.10,17.10,17.18,
19.85,19.24,18.53,18.27,18.30,18.06,18.06,17.65,17.30,17.10,
23.40,22.76,22.02,21.52,20.76,19.68,19.24,18.62,18.24,18.04,
23.37,23.64,23.87,23.90,23.72,23.28,22.58,21.82,21.29,20.59,
19.21,19.97,20.79,22.38,23.08,23.46,23.75,23.90,23.81,23.70,
17.04,17.07,17.24,17.27,17.83,19.00,20.18,20.79,22.23,22.90,
17.13,16.95,17.01,17.07,17.10,17.21,17.07,17.13,17.24,18.15,
17.86,17.39,17.07,16.89,16.89,16.89,16.92,17.04,17.10,17.07,
19.03,18.59,18.36,17.92,18.12,17.77,17.39,17.18,16.95,16.95,
22.35,21.76,20.94,20.15,19.38,18.74,18.27,18.24,18.04,18.04,
23.81,23.75,23.84,23.52,22.93,22.17,21.55,20.91,20.15,19.24,
20.62,21.55,22.49,23.28,23.52,23.75,23.70,23.67,23.40,22.73,
17.27,17.18,17.42,18.56,19.74,20.50,21.82,22.73,23.20,23.61,
17.16,17.04,17.04,17.01,17.04,17.10,17.10,17.51,18.65,19.62,
17.18,16.92,16.86,16.83,17.13,16.86,17.16,17.07,17.04,16.98,
18.30,18.01,17.92,17.92,17.54,17.07,16.98,16.98,16.77,16.89,
21.29,20.76,19.53,19.09,18.56,18.21,18.09,18.24,17.80,17.42,
23.87,23.49,23.20,22.46,21.73,21.23,20.47,19.33,18.83,18.45,
22.32,23.02,23.64,23.78,23.90,23.70,23.58,22.93,22.35,21.58,
17.13,18.09,19.18,19.97,20.88,22.35,22.87,23.46,23.67,23.81,
17.13,16.95,16.95,17.21,17.13,17.27,18.30,19.21,20.41,21.29,
16.83,16.95,16.98,16.86,16.92,16.86,16.86,16.98,16.92,17.13,
18.15,18.01,17.62,17.21,16.98,17.04,16.95,16.89,17.01,17.16,
19.77,19.12,18.65,18.09,18.09,18.06,18.04,17.51,17.13,16.89,
23.26,22.55,22.05,21.52,20.82,19.85,19.00,18.59,18.33,18.04,
23.20,23.55,23.58,23.64,23.61,23.26,22.46,21.96,21.17,20.53,
18.77,19.65,20.70,21.96,22.67,23.37,23.75,23.75,23.70,23.72,
17.13,16.98,17.01,17.13,17.60,18.71,19.85,20.65,22.17,22.82,
16.83,16.92,16.92,16.98,17.10,16.86,17.10,17.18,17.04,17.98,
17.71,17.33,16.92,16.98,16.95,16.86,16.95,16.89,16.86,16.86,
18.74,18.30,18.09,17.83,17.95,17.71,17.33,17.01,16.89,16.92,
22.20,21.58,20.82,20.09,19.24,18.53,18.21,18.01,17.83,17.95,
23.78,23.64,23.70,23.31,22.70,22.14,21.41,20.76,19.94,18.97,
20.35,21.47,22.29,23.14,23.55,23.67,23.78,23.64,23.31,22.52,
17.04,17.10,17.48,18.36,19.41,20.50,21.67,22.58,23.23,23.58,
16.89,16.95,16.86,17.01,17.04,16.92,17.07,17.42,18.48,19.71,
17.21,16.80,16.89,16.86,16.86,16.86,17.01,16.89,17.01,17.04,
18.18,17.89,17.98,17.74,17.42,17.01,16.86,16.69,16.80,16.89,
21.17,20.35,19.62,18.83,18.48,18.21,18.06,18.12,17.68,17.36,
23.67,23.55,22.96,22.32,21.67,20.97,20.29,19.30,18.68,18.27,
22.23,22.76,23.31,23.64,23.81,23.72,23.37,22.96,22.26,21.58,
17.13,18.04,18.91,20.09,20.91,22.17,22.96,23.43,23.52,23.70,
16.89,16.98,16.98,17.07,17.01,17.16,18.15,19.06,20.09,21.00,
16.77,16.83,16.72,16.77,16.83,16.80,16.95,16.92,16.92,16.95,
18.12,17.95,17.54,17.33,17.07,16.80,16.86,16.89,16.80,16.80,
19.94,19.24,18.56,18.12,18.01,17.83,17.98,17.54,16.98,16.86,
23.26,22.58,22.05,21.38,20.65,19.85,18.97,18.45,18.24,17.83,
23.23,23.46,23.52,23.78,23.52,23.08,22.64,21.73,21.11,20.44,
18.68,19.62,20.50,21.82,22.64,23.26,23.52,23.64,23.67,23.55,
17.04,16.98,16.92,16.92,17.71,18.68,19.62,20.62,21.94,22.73,
16.74,16.83,16.83,16.89,16.95,16.92,16.92,17.10,17.04,17.62,
17.65,17.30,16.83,16.77,16.80,16.74,16.80,16.80,16.74,16.72,
18.83,18.24,18.09,17.89,17.95,17.68,17.27,16.89,16.86,16.83,
22.14,21.47,20.94,20.00,19.12,18.59,18.06,17.92,17.89,17.80,
23.61,23.61,23.67,23.28,22.90,22.20,21.70,20.88,20.21,19.21,
20.06,20.94,22.17,22.84,23.28,23.43,23.58,23.55,23.17,22.67,
17.01,17.04,17.21,18.18,19.24,20.09,21.32,22.32,22.99,23.40,
16.89,16.69,16.77,16.92,16.74,16.95,16.89,17.04,18.30,19.21,
17.04,16.74,16.86,16.77,16.77,16.86,16.77,16.80,16.86,16.74,
18.12,17.95,17.92,17.92,17.33,16.86,16.83,16.74,16.60,16.80,
21.32,20.41,19.50,19.06,18.45,18.09,17.92,17.80,17.68,17.36,
23.55,23.37,23.08,22.52,21.67,21.11,20.50,19.38,18.74,18.24,
21.76,22.35,23.28,23.40,23.75,23.55,23.55,22.90,22.43,21.76,
17.04,17.45,18.62,19.62,20.47,21.88,22.43,23.20,23.34,23.55,
16.92,16.77,16.86,16.92,16.86,17.10,17.68,18.62,19.91,20.65,
16.77,16.54,16.77,16.83,16.69,16.72,16.63,16.80,16.86,16.74,
17.86,17.89,17.54,17.16,16.77,16.57,16.69,16.63,16.89,16.74,
20.03,19.03,18.48,18.18,17.83,17.68,17.83,17.39,17.10,16.83,
23.28,22.73,22.08,21.41,20.67,19.91,19.06,18.68,18.24,17.86,
22.90,23.34,23.58,23.61,23.49,23.11,22.55,21.91,21.35,20.67,
18.30,19.06,20.21,21.32,22.17,22.93,23.31,23.55,23.58,23.58,
16.89,16.69,16.74,16.83,17.07,18.27,19.30,20.23,21.44,22.17,
16.74,16.66,16.80,16.66,16.77,16.66,16.77,16.92,16.83,17.33,
17.74,17.30,16.95,16.69,16.63,16.63,16.63,16.77,16.72,16.63,
19.00,18.48,18.01,17.86,17.86,17.62,17.36,16.86,16.60,16.66,
22.38,21.67,21.03,20.35,19.27,18.71,18.15,17.77,17.71,17.68,
23.58,23.52,23.43,23.40,22.99,22.32,21.64,20.94,20.21,19.30,
19.94,20.62,21.94,22.70,23.26,23.34,23.55,23.37,23.17,22.67,
16.80,16.83,16.98,17.92,18.83,19.88,20.70,21.96,22.76,23.11,
16.72,16.66,16.66,16.72,16.83,16.69,16.80,17.07,17.95,19.00,
17.13,16.74,16.63,16.54,16.69,16.72,16.69,16.80,16.86,16.74,
18.21,17.77,17.74,17.74,17.33,16.98,16.69,16.60,16.60,16.74,
21.26,20.47,19.85,18.97,18.48,17.86,17.77,17.77,17.65,17.27,
23.64,23.49,23.11,22.64,21.76,21.20,20.44,19.41,18.89,18.24,
21.64,22.17,22.93,23.37,23.52,23.52,23.43,22.90,22.52,21.76,
16.89,17.30,18.45,19.44,20.41,21.73,22.35,23.11,23.26,23.40,
16.89,16.83,16.66,16.86,16.89,16.92,17.36,18.50,19.53,20.38,
16.72,16.51,16.57,16.54,16.60,16.69,16.60,16.72,16.77,16.69,
17.65,17.68,17.42,17.16,16.83,16.63,16.51,16.74,16.66,16.86,
20.18,18.97,18.56,18.09,17.80,17.65,17.74,17.33,16.98,16.77,
23.37,22.82,21.94,21.32,20.76,19.88,19.00,18.48,17.92,17.89,
22.67,23.17,23.40,23.58,23.37,23.20,22.67,21.79,21.23,20.44,
18.06,19.15,20.09,20.82,22.02,22.73,23.23,23.23,23.40,23.43,
16.66,16.83,16.74,16.77,17.10,18.06,19.12,20.18,21.09,21.96,
16.66,16.54,16.69,16.69,16.57,16.60,16.80,16.89,16.74,16.95,
17.71,17.36,16.86,16.77,16.66,16.45,16.66,16.69,16.57,16.69,
18.77,18.09,18.09,17.83,17.62,17.68,17.36,16.72,16.69,16.48,
22.32,21.73,21.06,20.38,19.38,18.71,18.12,17.74,17.57,17.74,
23.34,23.49,23.34,23.43,22.96,22.20,21.58,20.85,20.26,19.30,
19.62,20.26,21.94,22.46,23.08,23.31,23.34,23.46,23.34,22.76,
16.86,16.74,16.72,17.74,18.74,19.71,20.56,21.94,22.64,23.08,
16.54,16.48,16.63,16.74,16.66,16.72,16.66,16.89,17.74,18.68,
17.10,16.74,16.57,16.60,16.69,16.66,16.54,16.72,16.60,16.54,
18.04,17.77,17.60,17.71,17.16,16.86,16.66,16.54,16.54,16.39,
21.32,20.50,19.65,18.86,18.36,18.01,17.80,17.71,17.65,17.21,
23.52,23.37,22.93,22.40,21.73,21.20,20.41,19.41,18.86,18.30,
21.26,22.05,22.82,23.28,23.23,23.43,23.40,23.14,22.55,21.85,
16.72,17.04,18.27,19.15,20.15,21.32,22.08,23.05,23.28,23.34,
16.60,16.57,16.66,16.63,16.66,16.80,17.07,18.18,19.33,20.21,
16.63,16.54,16.39,16.60,16.72,16.57,16.66,16.66,16.74,16.77,
17.68,17.68,17.48,17.10,16.77,16.51,16.42,16.63,16.57,16.45,
20.23,19.12,18.53,18.12,17.80,17.68,17.71,17.33,17.04,16.69,
23.37,22.82,22.08,21.52,20.88,20.15,19.00,18.42,17.95,17.68,
22.61,23.08,23.31,23.34,23.43,23.02,22.64,22.05,21.47,20.67,
17.83,18.77,19.59,20.67,22.02,22.46,23.11,23.23,23.26,23.43,
16.63,16.54,16.74,16.80,16.80,17.83,18.86,19.74,20.62,21.99,
16.60,16.48,16.57,16.66,16.69,16.69,16.72,16.80,16.80,16.95,
17.57,17.27,16.77,16.48,16.54,16.42,16.57,16.57,16.48,16.60,
18.91,18.27,17.83,17.68,17.57,17.54,17.24,16.86,16.54,16.54,
22.38,21.64,21.11,20.35,19.18,18.59,18.04,17.86,17.60,17.45,
23.20,23.34,23.43,23.14,22.93,22.17,21.50,20.94,20.03,19.24,
19.38,20.29,21.41,22.32,22.96,23.31,23.46,23.37,23.31,22.76,
16.77,16.57,16.69,17.39,18.39,19.41,20.29,21.64,22.58,23.14,
16.39,16.57,16.57,16.63,16.66,16.57,16.74,16.83,17.48,18.65,
17.13,16.51,16.54,16.48,16.48,16.54,16.51,16.66,16.69,16.57,
18.01,17.65,17.42,17.71,17.24,16.89,16.66,16.42,16.39,16.39,
21.23,20.41,19.77,18.74,18.36,17.80,17.68,17.68,17.65,17.33,
23.43,23.34,22.90,22.43,21.73,20.97,20.38,19.41,18.71,18.12,
21.06,22.02,22.82,23.31,23.31,23.37,23.37,22.87,22.26,21.52,
16.69,17.04,18.01,19.09,20.12,21.23,22.02,22.84,23.11,23.17,
16.69,16.69,16.54,16.66,16.66,16.69,17.13,18.18,19.15,20.32,
16.54,16.33,16.48,16.45,16.54,16.54,16.48,16.60,16.60,16.48,
17.68,17.57,17.36,17.13,16.74,16.48,16.39,16.42,16.51,16.45,
20.26,19.09,18.39,17.89,17.80,17.51,17.62,17.30,16.95,16.60,
23.31,22.79,21.88,21.29,20.76,20.03,19.00,18.50,18.01,17.77,
22.35,23.02,23.17,23.31,23.31,23.05,22.64,22.05,21.41,20.65,
17.54,18.42,19.53,20.47,21.79,22.40,23.02,23.28,23.37,23.40,
16.63,16.42,16.54,16.51,16.54,17.62,18.53,19.56,20.56,21.79,
16.57,16.30,16.36,16.66,16.51,16.63,16.66,16.51,16.60,16.80,
17.48,17.27,16.83,16.51,16.39,16.25,16.30,16.51,16.48,16.42,
18.89,18.24,17.65,17.77,17.48,17.51,17.24,16.77,16.63,16.30,
22.29,21.67,20.94,20.21,19.50,18.65,17.98,17.80,17.45,17.51,
23.08,23.23,23.31,23.26,22.73,22.38,21.52,21.03,20.21,19.09,
19.21,20.06,21.23,21.96,22.84,23.02,23.17,23.23,23.05,22.70,
16.63,16.57,16.51,17.13,18.24,19.18,20.21,21.41,22.20,22.90,
16.36,16.48,16.45,16.36,16.57,16.54,16.66,16.63,17.13,18.36,
17.18,16.69,16.45,16.48,16.33,16.39,16.45,16.45,16.48,16.42,
17.98,17.71,17.45,17.57,17.24,16.95,16.51,16.39,16.19,16.22,
21.50,20.70,20.09,19.00,18.53,17.95,17.48,17.51,17.45,17.21,
23.40,23.43,23.14,22.58,21.79,21.11,20.53,19.82,18.83,18.24,
20.38,21.79,22.46,22.82,23.05,23.40,23.31,23.05,22.46,21.94,
16.66,16.69,17.45,18.65,19.74,20.62,21.91,22.49,23.02,23.14,
16.51,16.39,16.51,16.45,16.54,16.48,16.83,17.83,18.71,19.85,
16.57,16.33,16.39,16.36,16.36,16.45,16.39,16.51,16.54,16.51,
17.71,17.45,17.51,17.07,16.83,16.48,16.51,16.30,16.36,16.51,
20.23,19.47,18.56,17.89,17.65,17.48,17.39,17.48,16.89,16.57,
23.34,22.82,22.20,21.55,20.88,20.09,19.38,18.71,18.06,17.77,
21.99,22.76,23.17,23.11,23.26,23.14,22.64,22.20,21.44,20.94,
17.10,18.04,19.35,20.18,21.47,22.08,22.82,22.99,23.23,23.20,
16.45,16.33,16.57,16.45,16.60,17.18,18.27,19.33,20.12,21.38,
16.48,16.28,16.30,16.42,16.45,16.39,16.42,16.51,16.42,16.51,
17.51,17.27,16.77,16.48,16.33,16.36,16.39,16.33,16.45,16.28,
19.00,18.42,18.01,17.51,17.45,17.51,17.10,16.77,16.51,16.22,
22.61,21.91,21.20,20.59,19.88,18.91,18.18,17.80,17.54,17.39,
23.08,22.96,23.20,23.31,23.14,22.38,21.94,21.20,20.56,19.74,
18.50,19.56,20.47,21.73,22.32,22.84,22.99,23.11,23.14,22.84,
16.48,16.51,16.63,16.54,17.74,18.71,19.59,20.67,21.91,22.49,
16.42,16.30,16.30,16.30,16.42,16.30,16.45,16.51,16.77,17.68,
17.16,16.72,16.30,16.45,16.42,16.16,16.39,16.30,16.36,16.45,
18.24,17.68,17.51,17.36,17.39,17.07,16.63,16.28,16.19,16.30,
21.58,20.91,20.21,19.35,18.56,18.01,17.65,17.48,17.36,17.54,
23.23,23.26,22.99,22.67,22.02,21.41,20.73,19.91,19.03,18.42,
20.18,21.20,21.96,22.93,22.99,23.26,23.20,23.05,22.82,22.11,
16.42,16.57,16.95,18.04,19.15,19.94,21.35,22.08,22.70,22.96,
16.48,16.36,16.33,16.45,16.39,16.36,16.60,17.18,18.09,19.30,
16.51,16.42,16.22,16.30,16.39,16.42,16.42,16.36,16.39,16.51,
17.74,17.27,17.42,17.30,16.80,16.54,16.39,16.36,16.42,16.39,
20.47,19.94,18.83,18.21,17.86,17.57,17.30,17.42,16.98,16.63,
23.23,22.96,22.35,21.99,21.14,20.47,19.79,18.77,18.18,17.71,
21.85,22.46,22.82,23.11,23.17,23.05,22.96,22.35,21.58,21.09,
16.66,17.65,18.65,19.68,20.59,21.85,22.46,23.02,23.08,23.11,
16.30,16.36,16.48,16.39,16.42,16.66,17.60,18.77,19.68,20.65,
16.45,16.33,16.22,16.25,16.22,16.39,16.36,16.36,16.57,16.30,
17.42,17.48,16.95,16.57,16.33,16.16,16.13,16.33,16.28,16.33,
19.30,18.48,18.01,17.77,17.33,17.33,17.27,16.86,16.54,16.25,
22.67,22.05,21.32,20.67,19.91,18.86,18.42,17.80,17.54,17.30,
22.87,22.90,23.02,23.26,23.23,22.49,22.02,21.26,20.65,20.00,
18.15,19.12,20.03,21.38,22.05,22.79,23.05,23.02,23.08,23.08,
16.54,16.28,16.36,16.51,17.01,18.15,19.24,19.97,21.44,22.05,
16.22,16.25,16.33,16.30,16.36,16.30,16.36,16.48,16.39,17.16,
17.30,16.77,16.30,16.36,16.07,16.28,16.30,16.33,16.33,16.42,
18.30,17.65,17.36,17.36,17.30,16.98,16.66,16.25,16.25,16.28,
21.91,21.20,20.53,19.68,18.71,18.18,17.74,17.48,17.33,17.36,
22.99,23.17,23.05,22.73,22.26,21.64,20.88,20.29,19.38,18.65,
19.71,20.50,21.64,22.38,22.79,23.08,23.11,23.20,22.76,22.20,
16.42,16.51,16.54,17.65,18.62,19.65,20.67,21.58,22.40,22.87,
16.42,16.36,16.28,16.36,16.25,16.42,16.54,16.66,17.98,18.86,
16.60,16.42,16.16,16.07,16.19,16.28,16.16,16.28,16.19,16.42,
17.62,17.36,17.48,17.33,16.83,16.57,16.33,16.13,16.30,16.28,
20.85,19.91,18.86,18.33,17.77,17.45,17.33,17.16,17.21,16.83,
23.17,22.93,22.58,22.02,21.26,20.65,19.79,18.74,18.30,17.71,
21.35,22.05,22.82,22.79,23.14,23.17,22.96,22.46,21.82,21.11,
16.51,16.95,18.27,19.15,19.88,21.55,22.05,22.79,23.05,23.02,
16.25,16.33,16.28,16.33,16.33,16.33,17.21,18.33,19.27,20.09,
16.30,16.10,16.19,16.25,16.22,16.36,16.42,16.30,16.33,16.48,
17.42,17.24,17.01,16.72,16.30,16.10,16.13,16.07,16.16,16.25,
19.68,18.83,18.12,17.65,17.42,17.27,17.24,17.01,16.57,16.22,
22.79,22.20,21.41,20.91,20.18,19.44,18.50,17.89,17.51,17.33,
22.52,22.87,23.05,23.14,23.17,22.84,22.14,21.52,20.82,20.21,
17.62,18.62,19.56,20.67,21.70,22.35,22.73,22.99,22.93,23.05,
16.45,16.30,16.51,16.39,16.69,17.80,18.74,19.71,20.82,21.88,
16.25,16.22,16.22,16.16,16.25,16.13,16.36,16.36,16.33,16.74,
17.33,16.83,16.54,16.16,16.19,16.22,16.28,16.28,16.33,16.25,
18.45,17.89,17.48,17.27,17.21,17.27,16.72,16.30,16.36,16.16,
21.96,21.17,20.67,19.94,18.97,18.24,17.89,17.54,17.27,17.27,
22.96,22.90,23.02,22.96,22.52,21.79,21.17,20.47,19.88,18.86,
19.15,19.97,21.29,22.02,22.67,23.02,22.93,22.96,22.84,22.32,
16.33,16.39,16.28,17.13,18.15,19.18,20.06,21.38,22.14,22.73,
16.28,16.33,16.30,16.28,16.25,16.39,16.33,16.54,17.27,18.30,
16.77,16.22,16.19,16.10,16.07,16.25,16.25,16.16,16.22,16.16,
17.77,17.45,17.18,17.16,16.80,16.66,16.33,16.22,16.16,16.10,
21.11,20.18,19.53,18.56,17.86,17.65,17.33,17.21,17.30,16.98,
23.14,23.08,22.84,22.20,21.70,21.06,20.18,19.47,18.62,17.86,
20.44,21.47,22.40,22.76,22.82,23.05,23.08,22.82,22.08,21.58,
16.48,16.48,17.68,18.53,19.50,20.67,21.73,22.38,22.76,22.79,
16.19,16.25,16.30,16.25,16.39,16.42,16.63,17.77,18.74,19.65,